id,YEAR,MAKE,MODEL,DESCRIPTION,DEPT,SALE_PRICE,SALE_DATE,SOLD_BY
1404,2000,PLYMOUTH,NEON,SUBCOMPACT SEDAN,SPD,3700,,BIDADOO ONLINE AUCTION
3007,2000,CHEVROLET,ASTRO,CARGO MINIVAN,DOIT,5000,,BIDADOO ONLINE AUCTION
3011,2000,CHEVROLET,ASTRO,CARGO MINIVAN,DOIT,6100,,MURPHYS AUCTION
3015,2000,CHEVROLET,G3500,CARGO VAN - HVAC,FAS,6600,,MURPHYS AUCTION
3024,2000,CHEVROLET,G3500,CARGO VAN - CARPENTER,FAS,7365.56,,BIDADOO ONLINE AUCTION
3039,2000,CHEVROLET,G3500,CARGO VAN - PLUMBER,FAS,7065,,BIDADOO ONLINE AUCTION
3044,2000,CHEVROLET,G3500,CARGO VAN - HVAC,FAS,5555,,BIDADOO ONLINE AUCTION
3168,2000,CHEVROLET,C3500,PICKUP - CREW CAB - DRW,SPD,9100,,BIDADOO ONLINE AUCTION
3180,2000,CHEVROLET,G3500,CARGO VAN - PLUMBER WITH CRANE,FAS,6000,,MURPHYS AUCTION
3201,2000,CHEVROLET,C3500,PICKUP - CREW CAB,SPD,8400,,MURPHYS AUCTION
3207,2000,CHEVROLET,ASTRO,CARGO MINIVAN,DOIT,4948,,BIDADOO ONLINE AUCTION
3208,2000,CHEVROLET,ASTRO,CARGO MINIVAN,DOIT,5100,,BIDADOO ONLINE AUCTION
3210,1993,FORD,E350,PASSENGER VAN,SPD,2650,,BIDADOO ONLINE AUCTION
3221,2000,CHEVROLET,G3500,CARGO VAN - P-PATCH VAN,DON,5700,,BIDADOO ONLINE AUCTION
3301,2000,FORD,F250,PICKUP,DPR,4300,,BIDADOO ONLINE AUCTION
3303,2000,FORD,F250,PICKUP,DPR,5600,,MURPHYS AUCTION
3332,1992,GMC,RALLY,PASSENGER VAN,DPR,1050,,MURPHYS AUCTION
3510,1988,FORD,CARGO,CARGO VAN,DPR,1250,,MURPHYS AUCTION
3680,2000,FORD,F450,PICKUP - FLATBED - CLASS 4,SDOT,5500,,MURPHYS AUCTION
3811,2000,FORD,F250,PICKUP - CREW CAB,DPR,4750.05,,MURPHYS AUCTION
3885,2000,CHEVROLET,G3500,CARGO VAN,DPR,1300,,MURPHYS AUCTION
3921,2000,CHEVROLET,ASTRO,PASSENGER MINIVAN,DPR,5300,,BIDADOO ONLINE AUCTION
5313,1991,SPARTAN,PUMPER,FIRE PUMPER,SFD,6701,,BIDADOO ONLINE AUCTION
5316,1993,SPARTAN,PUMPER,FIRE PUMPER,SFD,7800,,BIDADOO ONLINE AUCTION
5331,1992,SPARTAN,LADDER,FIRE AERIAL REAR MOUNT,SFD,9100.01,,BIDADOO ONLINE AUCTION
5332,1992,SPARTAN,LADDER,FIRE AERIAL - REAR MOUNT,SFD,4750,,BIDADOO ONLINE AUCTION
5334,1993,CLARKLIFT,TM15S,FORKLIFT - 3000 LB LIFT - ELECTRIC,SFD,4376.99,,BIDADOO ONLINE AUCTION
5337,1994,SIMON,94127-94,FIRE AERIAL - TRACTOR DRAWN,SFD,11100,,BIDADOO ONLINE AUCTION
5546,2000,FREIGHTLINER,FL60,TRUCK - ASPHALT FLATBED - CLASS 7,SDOT,7400,,BIDADOO ONLINE AUCTION
5547,2000,FREIGHTLINER,FL60,TRUCK - ASPHALT FLATBED - CLASS 7,SDOT,7900,,BIDADOO ONLINE AUCTION
5549,2000,FREIGHTLINER,FL60,TRUCK - ASPHALT FLATBED - CLASS 7,SDOT,7844,,BIDADOO ONLINE AUCTION
5568,2000,KENWORTH,T800B,TRUCK - 12 YD DUMP - CLASS 8,SDOT,45100,,BIDADOO ONLINE AUCTION
5569,2000,KENWORTH,T800B,TRUCK - 12 YD DUMP - CLASS 8,SDOT,45000,,MURPHYS AUCTION
5570,2000,KENWORTH,T800B,TRUCK - 12 YD DUMP - CLASS 8,SDOT,37600,,BIDADOO ONLINE AUCTION
5571,2000,KENWORTH,T800B,TRUCK - 12 YD DUMP - CLASS 8,SDOT,31100,,BIDADOO ONLINE AUCTION
5802,2000,FORD,F450,PICKUP - FLATBED - CLASS 4,DPR,19201,,BIDADOO ONLINE AUCTION
5861,2000,CHEVROLET,3500 HD,PICKUP - SERVICE BODY - CLASS 4,DPR,9000,,MURPHYS AUCTION
5869,1990,GMC,6000,PICKUP - FLATBED - CLASS 4,DPR,2517,,BIDADOO ONLINE AUCTION
6503,1993,CATERPILLAR,UNKNOWN,CRAWLER TRACTOR,SPU,42000,,MURPHYS AUCTION
6516,1991,CATERPILLAR,UNKNOWN,MOTOR GRADER - ARTICULATED,SPU,117500,,MURPHYS AUCTION
6572,2000,INGERSOLL RAND,P185WJDU,AIR COMPRESSOR - TRAILER MOUNTED,SPU,10500,,MURPHYS AUCTION
6575,2000,INGERSOLL RAND,P185WJDU,AIR COMPRESSOR - TRAILER MOUNTED,SPU,10500,,MURPHYS AUCTION
6645,2000,KENWORTH,T800,TRUCK - 12 YD DUMP - CLASS 8,SPU,57500,,MURPHYS AUCTION
6646,2000,KENWORTH,T800,TRUCK - 12 YD DUMP - CLASS 8,SPU,56200,,BIDADOO ONLINE AUCTION
7019,1991,YALE,FORKLIFT,FORKLIFT,CEN,5101,,BIDADOO ONLINE AUCTION
7022,1991,PWBS,UNKNOWN,FLOOR SCRUBBER,FAS,990.1,,BIDADOO ONLINE AUCTION
7124,1992,CLARKLIFT,FORKLIFT,FORKLIFT,SPD,3151.5,,BIDADOO ONLINE AUCTION
7135,2000,TENNANT,7400,FLOOR SCRUBBER - LPG,CEN,3950,,BIDADOO ONLINE AUCTION
7225,2000,INGERSOLL RAND,P185WJDU,AIR COMPRESSOR - TRAILER MOUNTED,SPU,10500,,MURPHYS AUCTION
11034,2001,PLYMOUTH,NEON,SUBCOMPACT SEDAN,SPD,3250.99,,BIDADOO ONLINE AUCTION
11053,2001,TOYOTA,PRIUS,COMPACT SEDAN - HYBRID,DPR,6000,,MURPHYS AUCTION
11213,2001,PLYMOUTH,NEON,SUBCOMPACT SEDAN,SFD,2125.66,,BIDADOO ONLINE AUCTION
11401,2001,CHEVROLET,MALIBU,MIDSIZE SEDAN,DOIT,2100,,MURPHYS AUCTION
11406,2001,CHEVROLET,MALIBU,MIDSIZE SEDAN,FAS,2887,,BIDADOO ONLINE AUCTION
11516,2001,PLYMOUTH,NEON,SEDAN SUBCOMPACT,SPU,4281.59,,BIDADOO ONLINE AUCTION
11518,2001,PLYMOUTH,NEON,SUBCOMPACT SEDAN,SPU,4500,,MURPHYS AUCTION
11609,2001,FORD,TAURUS SE FFV,MIDSIZE STATION WAGON - CNG,SDOT,3550,,BIDADOO ONLINE AUCTION
11673,2001,GMC,SAFARI,PASSENGER MINIVAN,SPU,6900,,MURPHYS AUCTION
11713,2001,TOYOTA,PRIUS,COMPACT SEDAN - HYBRID,FAS,4202,,BIDADOO ONLINE AUCTION
11714,2001,TOYOTA,PRIUS,COMPACT SEDAN - HYBRID,FAS,4444,,BIDADOO ONLINE AUCTION
11852,2001,TOYOTA,PRIUS,COMPACT SEDAN - HYBRID,DPR,5660.99,,BIDADOO ONLINE AUCTION
11863,2001,TOYOTA,PRIUS,COMPACT SEDAN - HYBRID,DPR,7605,,BIDADOO ONLINE AUCTION
12090,2001,TOYOTA,PRIUS,COMPACT SEDAN - HYBRID,DPR,6200,,BIDADOO ONLINE AUCTION
12172,2001,PLYMOUTH,NEON,SUBCOMPACT SEDAN,DPD,4000,,MURPHYS AUCTION
12412,2001,PLYMOUTH,NEON,SUBCOMPACT SEDAN,DPD,4500,,MURPHYS AUCTION
13001,2001,CHEVROLET,BLAZER,SUV MIDSIZE 4X4,DOIT,5279,,BIDADOO ONLINE AUCTION
13020,2001,FORD,F250,PICKUP,SPU,6200,,BIDADOO ONLINE AUCTION
13034,2001,CHEVROLET,EXPRESS,CARGO VAN - ELECTRICIAN,FAS,9445,,BIDADOO ONLINE AUCTION
13052,2001,CHEVROLET,EXPRESS,CARGO VAN - CARPENTER,FAS,8601,,BIDADOO ONLINE AUCTION
13148,2001,GMC,SAFARI,PASSENGER MINIVAN,SPD,8450,,BIDADOO ONLINE AUCTION
13163,2001,CHEVROLET,ASTRO,CARGO MINIVAN,DPR,4725,,MURPHYS AUCTION
13182,2001,CHEVROLET,EXPRESS,CARGO VAN - PLUMBER WITH CRANE,FAS,6000,,BIDADOO ONLINE AUCTION
13197,2001,CHEVROLET,G3500,PASSENGER VAN,SPD,1900,,BIDADOO ONLINE AUCTION
13291,2001,GMC,SAFARI,MINIVAN PASSENGER,SPD,4400,,MURPHYS AUCTION
13335,2001,CHEVROLET,EXPRESS,CARGO VAN,SPU,6100,,BIDADOO ONLINE AUCTION
13338,2001,FORD,F250,PICKUP,DPR,2400,,MURPHYS AUCTION
13340,2001,FORD,F250,PICKUP,DPR,3225,,BIDADOO ONLINE AUCTION
13345,2001,FORD,F350,PICKUP - SERVICE BODY,DPR,4050,,BIDADOO ONLINE AUCTION
13352,2001,GMC,SONOMA,COMPACT PICKUP,DPR,1727,,BIDADOO ONLINE AUCTION
13358,2001,FORD,F250,PICKUP - DUMP BODY,DPR,7499.99,,MURPHYS AUCTION
13374,2001,GMC,SONOMA,COMPACT PICKUP,DPR,3400,,MURPHYS AUCTION
13403,2001,GMC,SONOMA,COMPACT PICKUP,DPR,2390,,BIDADOO ONLINE AUCTION
13407,2001,GMC,SONOMA,COMPACT PICKUP,DPR,4651,,BIDADOO ONLINE AUCTION
13409,2001,DODGE,RAM QUAD CAB,PICKUP,DPR,3200,,MURPHYS AUCTION
13424,2001,CHEVROLET,EXPRESS,CARGO VAN,DPR,5325,,BIDADOO ONLINE AUCTION
13437,2001,CHEVROLET,ASTRO,CARGO MINIVAN,DOIT,5500,,MURPHYS AUCTION
13438,2001,CHEVROLET,ASTRO,CARGO MINIVAN,DOIT,5100,,MURPHYS AUCTION
13439,2001,CHEVROLET,ASTRO,CARGO MINIVAN,DOIT,9300,,BIDADOO ONLINE AUCTION
13452,2001,GMC,SONOMA,COMPACT PICKUP,DPR,2850,,BIDADOO ONLINE AUCTION
13564,2001,CHEVROLET,ASTRO,CARGO MINIVAN,SDOT,7350,,BIDADOO ONLINE AUCTION
13606,2001,FORD,F350,PICKUP - SERVICE BODY - 4X4,SPU,20020,,MURPHYS AUCTION
13612,2001,GMC,SONOMA,COMPACT PICKUP,SDOT,5500,,BIDADOO ONLINE AUCTION
13757,2001,CHEVROLET,G3500,PASSENGER VAN,SFD,7600,,BIDADOO ONLINE AUCTION
13781,2001,FORD,F250,TRUCK SERVICE BODY,SFD,6405,,BIDADOO ONLINE AUCTION
13782,2001,FORD,F250,PICKUP,DPR,6600,,MURPHYS AUCTION
13796,2001,FORD,F450,PICKUP - DUMP BODY - CLASS 4,DPR,15050,,MURPHYS AUCTION
13797,2001,FORD,F450,PICKUP - DUMP BODY - CLASS 4,DPR,18055,,MURPHYS AUCTION
13798,2001,FORD,F450,PICKUP - DUMP BODY - CLASS 4,DPR,20500,,BIDADOO ONLINE AUCTION
13889,2001,GMC,SONOMA,COMPACT PICKUP,DPR,2200,,MURPHYS AUCTION
13962,2001,FORD,F250,PICKUP,DPR,3700,,MURPHYS AUCTION
14503,2001,CHEVROLET,ASTRO,CARGO MINIVAN,SPU,4750,,MURPHYS AUCTION
14524,2001,FORD,F450,PICKUP - HOOK LIFT - MULTIBODY - CLASS 4,SPU,18402,,BIDADOO ONLINE AUCTION
14572,2001,FORD,F250,PICKUP,SPU,7600,,MURPHYS AUCTION
14575,2001,FORD,F250,PICKUP,DPR,3100,,MURPHYS AUCTION
14659,2001,FORD,F250,PICKUP - FLATBED - 4X4,SPU,8200,,BIDADOO ONLINE AUCTION
14709,2001,FORD,F450,PICKUP - SIDE DUMP - CLASS 4,SPU,16110,,BIDADOO ONLINE AUCTION
15082,2001,GMC,T7500,TRUCK - SERVICE BODY - CLASS 7,FAS,21555,,BIDADOO ONLINE AUCTION
15124,2001,CHEVROLET,EXPRESS,CARGO VAN - PARKING METER COLLECTIONS,FAS,3300,,MURPHYS AUCTION
15330,2001,CHEVROLET,EXPRESS,VAN CARGO,SFD,5500,,MURPHYS AUCTION
15655,2001,LAYTON,H-500-B,TOW PAVER,SDOT,2555,,BIDADOO ONLINE AUCTION
15925,2001,VALLEY TRUCK,TRAILER,TRAILER - TILT DECK - 9000 LB GVWR,DPR,2381,,BIDADOO ONLINE AUCTION
16650,2001,TRAILMAX,TD-40-T,TRAILER - TILT DECK - 37000 LB GVWR,SPU,8250,,MURPHYS AUCTION
17222,2001,CATERPILLAR,CB-224D,ROLLER - 3 TON DOUBLE DRUM,SDOT,11200,,BIDADOO ONLINE AUCTION
18143,2001,KUBOTA,L35,TRACTOR - LOADER,DPR,13999,,BIDADOO ONLINE AUCTION
21097,2002,DODGE,NEON,SUBCOMPACT SEDAN,DPD,3050,,BIDADOO ONLINE AUCTION
21167,2002,DODGE,NEON,SUBCOMPACT SEDAN,HSD,3237.83,,BIDADOO ONLINE AUCTION
21191,2002,DODGE,NEON,SUBCOMPACT SEDAN,HSD,3500,,BIDADOO ONLINE AUCTION
21211,2002,DODGE,NEON,SUBCOMPACT SEDAN,HSD,3411,,BIDADOO ONLINE AUCTION
21235,2002,DODGE,NEON,SEDAN SUBCOMPACT,HEALTH,3500,,MURPHYS AUCTION
21238,2002,DODGE,NEON,SUBCOMPACT SEDAN,DPR,2937,,BIDADOO ONLINE AUCTION
21243,2002,DODGE,NEON,SUBCOMPACT SEDAN,DPR,4900,,MURPHYS AUCTION
21257,2002,DODGE,NEON,SUBCOMPACT SEDAN,SFD,2900,,BIDADOO ONLINE AUCTION
21271,2002,DODGE,NEON,SUBCOMPACT SEDAN,SPU,3900,,MURPHYS AUCTION
21294,2002,DODGE,NEON,SUBCOMPACT SEDAN,DPR,3450,,BIDADOO ONLINE AUCTION
21307,2002,DODGE,NEON,SUBCOMPACT SEDAN,DPR,3400,,BIDADOO ONLINE AUCTION
21536,2002,TOYOTA,PRIUS,COMPACT SEDAN - HYBRID,SDOT,4850,,BIDADOO ONLINE AUCTION
21550,2002,TOYOTA,PRIUS,COMPACT SEDAN - HYBRID,SDOT,3500,,MURPHYS AUCTION
21577,2002,DODGE,NEON,SUBCOMPACT SEDAN,SDOT,3555.41,,BIDADOO ONLINE AUCTION
21595,2002,DODGE,NEON,SUBCOMPACT SEDAN,SFD,3100,,MURPHYS AUCTION
21838,2002,DODGE,NEON,SUBCOMPACT SEDAN,DPR,2801,,BIDADOO ONLINE AUCTION
21845,2002,DODGE,NEON,SUBCOMPACT SEDAN,DPD,4700,,BIDADOO ONLINE AUCTION
21854,2002,DODGE,NEON,SUBCOMPACT SEDAN,DPD,3650,,BIDADOO ONLINE AUCTION
21855,2002,TOYOTA,PRIUS,COMPACT SEDAN - HYBRID,DPR,5100,,BIDADOO ONLINE AUCTION
23018,2002,CHEVROLET,EXPRESS,CARGO VAN - PLUMBER,FAS,8322,,BIDADOO ONLINE AUCTION
23028,2002,CHEVROLET,EXPRESS,CARGO VAN - ELECTRICIAN,FAS,6601,,MURPHYS AUCTION
23060,2002,FORD,F250,PICKUP - CREW CAB,DPR,5750,,MURPHYS AUCTION
23062,2002,FORD,F250,PICKUP - CREW CAB,DPR,3600,,MURPHYS AUCTION
23164,2002,CHEVROLET,ASTRO,PASSENGER MINIVAN,SPD,6701,,BIDADOO ONLINE AUCTION
23225,2002,GMC,WT5500,TRUCK - BOOK DELIVERY - CLASS 5,SPL,18640,,BIDADOO ONLINE AUCTION
23226,2002,GMC,WT5500,TRUCK - BOOK DELIVERY - CLASS 5,SPL,13290,,BIDADOO ONLINE AUCTION
23307,2002,CHEVROLET,EXPRESS,PASSENGER VAN,DPR,8600,,MURPHYS AUCTION
23308,2002,CHEVROLET,ASTRO,PASSENGER MINIVAN,DPR,5866,,BIDADOO ONLINE AUCTION
23309,2002,CHEVROLET,EXPRESS,PASSENGER VAN,DPR,7900,,MURPHYS AUCTION
23310,2002,FORD,F250,PICKUP,DPR,9322,,BIDADOO ONLINE AUCTION
23311,2002,FORD,F250,PICKUP,DPR,3750,,MURPHYS AUCTION
23316,2002,FORD,F250,PICKUP - CREW CAB,DPR,5100,,BIDADOO ONLINE AUCTION
23318,2002,FORD,F250,PICKUP,DPR,4000,,MURPHYS AUCTION
23319,2002,FORD,F250,PICKUP,DPR,3351,,BIDADOO ONLINE AUCTION
23323,2002,CHEVROLET,EXPRESS,CARGO VAN,DPR,6500,,BIDADOO ONLINE AUCTION
23325,2002,CHEVROLET,EXPRESS,CARGO VAN,DPR,2985,,MURPHYS AUCTION
23327,2002,CHEVROLET,EXPRESS,CARGO VAN,DPR,6211.11,,BIDADOO ONLINE AUCTION
23328,2002,CHEVROLET,EXPRESS,CARGO VAN - ELECTRICIAN,DPR,3200,,MURPHYS AUCTION
23330,2002,CHEVROLET,EXPRESS,PASSENGER VAN,DPR,7250,,MURPHYS AUCTION
23344,2002,FORD,F250,PICKUP,DPR,7250,,BIDADOO ONLINE AUCTION
23364,2002,GMC,SONOMA,COMPACT PICKUP,DPR,6100,,BIDADOO ONLINE AUCTION
23395,2002,FORD,F250,PICKUP,DPR,5800,,BIDADOO ONLINE AUCTION
23441,2002,CHEVROLET,EXPRESS,PASSENGER VAN,DPR,6800,,MURPHYS AUCTION
23454,2002,FORD,4X4 RANGER,COMPACT PICKUP - 4X4,SPU,7300.5,,BIDADOO ONLINE AUCTION
23548,2002,CHEVROLET,TRACKER,COMPACT SUV - 4X4,SPU,6250,,MURPHYS AUCTION
23551,2002,GMC,SONOMA,COMPACT PICKUP,SDOT,5600,,MURPHYS AUCTION
23556,2002,CHEVROLET,BLAZER,MIDSIZE SUV - 4X4,SDOT,5655.55,,BIDADOO ONLINE AUCTION
23562,2002,GMC,SONOMA,COMPACT PICKUP,SPU,8606,,BIDADOO ONLINE AUCTION
23593,2002,CHEVROLET,ASTRO,CARGO MINIVAN,SDOT,7300,,BIDADOO ONLINE AUCTION
23623,2002,FORD,F450,PICKUP - FLATBED - CLASS 4,SDOT,5801,,BIDADOO ONLINE AUCTION
23624,2002,FORD,F450,PICKUP - FLATBED - CLASS 4,SDOT,7150,,BIDADOO ONLINE AUCTION
23635,2002,FORD,F450,PICKUP - FLATBED - CRANE - CLASS 4,SDOT,11900,,BIDADOO ONLINE AUCTION
23642,2002,FORD,F450,PICKUP - FLATBED - CLASS 4,SDOT,6601.01,,BIDADOO ONLINE AUCTION
23643,2002,FORD,F450,PICKUP - CHIP BODY - CLASS 4,SDOT,20000,,MURPHYS AUCTION
23645,2002,FORD,F450,PICKUP - DUMP BODY - CLASS 4,SDOT,11000,,MURPHYS AUCTION
23651,2002,FORD,F450,PICKUP - DUMP BODY - CRANE - CLASS 4,SDOT,15859,,BIDADOO ONLINE AUCTION
23660,2002,GMC,SONOMA,COMPACT PICKUP,SDOT,5100,,BIDADOO ONLINE AUCTION
23662,2002,FORD,F450,PICKUP - FLATBED - WELDER - CLASS 4,SDOT,18000,,MURPHYS AUCTION
23663,2002,FORD,F450,PICKUP - FLATBED - CLASS 4,SDOT,7101,,BIDADOO ONLINE AUCTION
23664,2002,FORD,F450,PICKUP - FLATBED - CLASS 4,SDOT,9456,,BIDADOO ONLINE AUCTION
23675,2002,FORD,F450,PICKUP - FLATBED - CLASS 4,SDOT,6601.01,,BIDADOO ONLINE AUCTION
23689,2002,FORD,F450,PICKUP DUMPING FLATBED PLOW CLASS 4,SDOT,15700,,MURPHYS AUCTION
23701,2002,FORD,F250,PICKUP,SDOT,4550,,BIDADOO ONLINE AUCTION
23718,2002,GMC,SONOMA,COMPACT PICKUP,SDOT,4900,,BIDADOO ONLINE AUCTION
23719,2002,GMC,SONOMA,PICKUP COMPACT,SDOT,5250,,MURPHYS AUCTION
23783,2002,CHEVROLET,EXPRESS,VAN PASSENGER,SPD,8575,,BIDADOO ONLINE AUCTION
23805,2002,GMC,SONOMA,COMPACT PICKUP,DPR,2505,,BIDADOO ONLINE AUCTION
23930,2002,CHEVROLET,ASTRO,PASSENGER MINIVAN,SPL,5200,,MURPHYS AUCTION
23931,2002,CHEVROLET,ASTRO,PASSENGER MINIVAN,SDOT,6600,,MURPHYS AUCTION
23932,2002,CHEVROLET,ASTRO,MINIVAN PASSENGER,DPR,4050,,MURPHYS AUCTION
23974,2002,FORD,F250,PICKUP - CREW CAB,DPR,6600,,BIDADOO ONLINE AUCTION
24438,2002,CHEVROLET,BLAZER,MIDSIZE SUV - 4X4,SPU,5250,,MURPHYS AUCTION
24531,2002,FORD,4X4 RANGER,COMPACT PICKUP - 4X4,SPU,5100,,BIDADOO ONLINE AUCTION
24562,2002,FORD,F350,PICKUP - SERVICE BODY,SPU,21500,,MURPHYS AUCTION
24617,2002,FORD,F350,PICKUP - SERVICE BODY,SPU,14600,,BIDADOO ONLINE AUCTION
24643,2002,FORD,F350,PICKUP - SERVICE BODY - 4X4,SPU,16500,,MURPHYS AUCTION
24652,2002,FORD,F350,PICKUP - SERVICE BODY,SPU,12700,,BIDADOO ONLINE AUCTION
25600,2002,PETERBILT,330,TRUCK - DUMP - CLASS 7,DPR,32500,,MURPHYS AUCTION
25668,2002,BLAZER,TRAILER,CREW TRAILER,SPU,8500,,MURPHYS AUCTION
25691,2002,PETERBILT,330,TRUCK - AERIAL LIFT - CLASS 8,SDOT,45300,,BIDADOO ONLINE AUCTION
25889,2002,PETERBILT,330,TRUCK - DUMP - CLASS 7,DPR,29600,,BIDADOO ONLINE AUCTION
25890,2002,PETERBILT,330,TRUCK - DUMP - CLASS 7,DPR,33000,,MURPHYS AUCTION
25891,2002,PETERBILT,330,TRUCK - DUMP - CLASS 7,DPR,32500,,MURPHYS AUCTION
25892,2002,PETERBILT,330,TRUCK - DUMP - CLASS 8,DPR,33850,,BIDADOO ONLINE AUCTION
25893,2002,PETERBILT,330,TRUCK - 12 YD DUMP - CLASS 7,DPR,34500,,BIDADOO ONLINE AUCTION
26555,2002,FORD,F550,TRUCK - DUMPING FLATBED - CRANE,SPU,21000,,MURPHYS AUCTION
26593,2002,PETERBILT,330,TRUCK - DUMPING FLATBED - CLASS 6,SDOT,28100,,BIDADOO ONLINE AUCTION
27227,2002,PREMCO,TRIPLE L,TRAILER - HYDRAULIC LIFT - 7000 LB GVWR,SDOT,5600,,BIDADOO ONLINE AUCTION
30104,2010,FORD,CROWN VICTORIA,PATROL CAR,SPD,700,,MURPHYS AUCTION
30459,1980,UNKNOWN,UNKNOWN,TRAILER,SDOT,280,,BIDADOO ONLINE AUCTION
30906,2010,PETERBILT,320,TRUCK - PRESSURE DIGGER,SDOT,125900.01,,BIDADOO ONLINE AUCTION
30988,2010,HARLEY-DAVIDSON,FLHPI ROAD KING,POLICE MOTORCYCLE,SPD,5700,,BIDADOO ONLINE AUCTION
30990,2010,SEGWAY,I2,PERSONAL MOBILITY DEVICE ELECTRIC,FAS,2300,,BIDADOO ONLINE AUCTION
31050,2003,TOYOTA,PRIUS,COMPACT SEDAN - HYBRID,SPD,5100,,MURPHYS AUCTION
31052,2003,TOYOTA,PRIUS,COMPACT SEDAN - HYBRID,SPD,3850,,BIDADOO ONLINE AUCTION
31058,2003,TOYOTA,PRIUS,COMPACT SEDAN - HYBRID,SPD,5300,,BIDADOO ONLINE AUCTION
31059,2003,TOYOTA,PRIUS,COMPACT SEDAN - HYBRID,SPD,5700,,BIDADOO ONLINE AUCTION
31068,2003,TOYOTA,PRIUS,COMPACT SEDAN - HYBRID,SPD,5864,,BIDADOO ONLINE AUCTION
31070,2003,TOYOTA,PRIUS,COMPACT SEDAN - HYBRID,SPD,6200,,BIDADOO ONLINE AUCTION
31092,2010,CHEVROLET,COLORADO 4X4,COMPACT PICKUP - 4X4,SPU,4500,,MURPHYS AUCTION
31268,2003,HONDA,CIVIC GX,SUBCOMPACT SEDAN - DEDICATED CNG,SFD,7400,,MURPHYS AUCTION
31270,2003,TOYOTA,PRIUS,SEDAN COMPACT - HYBRID,FAS,6750,,MURPHYS AUCTION
31281,2003,TOYOTA,PRIUS,SEDAN COMPACT HYBRID,FAS,6750,,MURPHYS AUCTION
31283,2003,TOYOTA,PRIUS,COMPACT SEDAN - HYBRID,SPL,5800,,BIDADOO ONLINE AUCTION
31306,2003,TOYOTA,PRIUS,COMPACT SEDAN HYBRID,FAS,6750,,MURPHYS AUCTION
31378,2011,FORD,F350,TRUCK 2WD CREW CAB,SDOT,4200,,MURPHYS AUCTION
31460,1995,BOBCAT,753,SKID STEER LOADER,DPR,5350,,MURPHYS AUCTION
31470,2010,FORD,CROWN VICTORIA,PATROL CAR,SPD,2325,,BIDADOO ONLINE AUCTION
31471,2010,FORD,CROWN VICTORIA,PATROL CAR,SPD,210,,MURPHYS AUCTION
31472,2010,FORD,CROWN VICTORIA,PATROL CAR,SPD,510,,MURPHYS AUCTION
31473,2010,FORD,CROWN VICTORIA,PATROL CAR,SPD,2357,,BIDADOO ONLINE AUCTION
31475,2010,FORD,CROWN VICTORIA,PATROL CAR,SPD,1775,,BIDADOO ONLINE AUCTION
31476,2010,FORD,CROWN VICTORIA,PATROL CAR,SPD,1700,,BIDADOO ONLINE AUCTION
31497,2010,FORD,CROWN VICTORIA,PATROL CAR - DUI,SPD,575,,MURPHYS AUCTION
31581,2003,DODGE,NEON,SUBCOMPACT SEDAN,SDOT,4500,,MURPHYS AUCTION
31615,2003,TOYOTA,PRIUS,COMPACT SEDAN - HYBRID,SPD,6500,,MURPHYS AUCTION
31757,2011,FORD,CROWN VICTORIA,PATROL CAR,SPD,500,,MURPHYS AUCTION
31815,2003,HONDA,CIVIC GX,SUBCOMPACT SEDAN - DEDICATED CNG,SFD,5790.58,,BIDADOO ONLINE AUCTION
31874,2003,TOYOTA,PRIUS,COMPACT SEDAN - HYBRID,DPR,5350,,MURPHYS AUCTION
31907,2003,TOYOTA,PRIUS,COMPACT SEDAN - HYBRID,SPU,7339,,BIDADOO ONLINE AUCTION
31915,2012,FORD,ESCAPE,SUV COMPACT 4X4,SDOT,10250,,MURPHYS AUCTION
32447,2005,BEARCAT,CHIPPER,CHIPPER,DPR,1250,,BIDADOO ONLINE AUCTION
32509,2003,TOYOTA,PRIUS,SEDAN COMPACT - HYBRID,SPU,5600,,BIDADOO ONLINE AUCTION
32555,2003,CHEVROLET,ASTRO,MINIVAN CARGO,SPU,5700,,MURPHYS AUCTION
32908,2003,FORD,F350,PICKUP,SPD,6900,,BIDADOO ONLINE AUCTION
32910,2003,CHEVROLET,EXPRESS,CARGO VAN,FAS,5500,,MURPHYS AUCTION
33118,2003,CHEVROLET,TRACKER,COMPACT SUV - 4X4,HEALTH,3000,,MURPHYS AUCTION
33167,2003,FORD,F350,PICKUP - CREW CAB,SPD,9010,,MURPHYS AUCTION
33227,2003,CHEVROLET,ASTRO,CARGO MINIVAN,OH,6800,,BIDADOO ONLINE AUCTION
33248,2003,FORD,F250,PICKUP,DPR,5600,,BIDADOO ONLINE AUCTION
33294,2003,CHEVROLET,ASTRO,MINIVAN K-9,SPD,4550.09,,BIDADOO ONLINE AUCTION
33313,2003,FORD,F250,PICKUP,DPR,8100,,MURPHYS AUCTION
33317,2003,FORD,F350,PICKUP - CREW CAB,DPR,4250,,MURPHYS AUCTION
33320,2003,FORD,F250,PICKUP,DPR,4100,,MURPHYS AUCTION
33321,2003,FORD,F250,PICKUP,DPR,6000,,MURPHYS AUCTION
33324,2003,FORD,F250,PICKUP,DPR,2550,,MURPHYS AUCTION
33404,2003,FORD,CLUB WAGON,PASSENGER VAN,DPR,11500,,MURPHYS AUCTION
33405,2003,FORD,CLUB WAGON,PASSENGER VAN,DPR,7025,,BIDADOO ONLINE AUCTION
33413,2003,CHEVROLET,EXPRESS,VAN CARGO,DPR,6875,,BIDADOO ONLINE AUCTION
33417,2003,FORD,CLUB WAGON,PASSENGER VAN,DPR,9200,,BIDADOO ONLINE AUCTION
33423,2003,FORD,E250,CARGO VAN,SFD,6751,,BIDADOO ONLINE AUCTION
33425,2003,FORD,CLUB WAGON,PASSENGER VAN,DPR,6957,,BIDADOO ONLINE AUCTION
33465,2003,FORD,F250,PICKUP,SPU,6250,,MURPHYS AUCTION
33502,2003,CHEVROLET,S10,COMPACT PICKUP,SDOT,4606,,BIDADOO ONLINE AUCTION
33532,2003,GMC,WORK HORSE,WALKIN VAN - CLASS 4,FAS,13000,,MURPHYS AUCTION
33632,2003,FORD,F450,PICKUP FLATBED PLOW,SDOT,19000,,BIDADOO ONLINE AUCTION
33652,2003,FORD,F350,PICKUP - FLATBED - CRANE,SPU,7600,,MURPHYS AUCTION
33698,2003,FORD,EXPEDITION,FULLSIZE SUV - 4X4,SDOT,5684,,BIDADOO ONLINE AUCTION
33705,2003,FORD,F250,PICKUP,DPR,4800,,BIDADOO ONLINE AUCTION
33706,2003,FORD,F250,PICKUP,DPR,6500,,MURPHYS AUCTION
33708,2003,FORD,F250,PICKUP - CREW CAB,DPR,3700,,MURPHYS AUCTION
33712,2003,FORD,F350,PICKUP - FLATBED - CRANE,SDOT,11976,,BIDADOO ONLINE AUCTION
33722,2003,PETERBILT,330,TRUCK - SERVICE BODY - CLASS 7,SPU,47500,,MURPHYS AUCTION
33723,2003,PETERBILT,330,TRUCK - SERVICE BODY - CLASS 7,SPU,32500,,MURPHYS AUCTION
33726,2003,FORD,F250,PICKUP,DPR,9450,,MURPHYS AUCTION
33728,2003,FORD,EXPEDITION,FULLSIZE SUV - 4X4,SFD,7000,,MURPHYS AUCTION
33729,2003,FORD,EXPEDITION,FULLSIZE SUV - 4X4,SFD,6552.25,,BIDADOO ONLINE AUCTION
33752,2003,CHEVROLET,BLAZER,SUV MIDSIZE 4X4,SFD,5000,,MURPHYS AUCTION
33814,2003,FORD,EXPEDITION,FULLSIZE SUV - 4X4,SFD,7000,,MURPHYS AUCTION
33957,2003,FORD,F350,PICKUP - DUMP BODY,DPR,11250,,BIDADOO ONLINE AUCTION
33965,2003,FORD,F250,PICKUP - CREW CAB,DPR,4100,,MURPHYS AUCTION
33975,2003,FORD,F350,PICKUP - CREW CAB,DPR,4500,,MURPHYS AUCTION
33977,2003,FORD,F350,PICKUP - CREW CAB,DPR,7650,,BIDADOO ONLINE AUCTION
34514,2003,FORD,WINDSTAR,MINIVAN CARGO,SPU,1600,,MURPHYS AUCTION
34528,2003,CHEVROLET,EXPRESS,VAN CARGO,SPU,8500,,MURPHYS AUCTION
34550,2003,CHEVROLET,S10,COMPACT PICKUP,SPU,3355,,BIDADOO ONLINE AUCTION
34563,2003,FORD,F250,PICKUP - 4X4,SPU,13100,,BIDADOO ONLINE AUCTION
34570,2003,CHEVROLET,ASTRO,PASSENGER MINIVAN,SPU,6100,,BIDADOO ONLINE AUCTION
34578,2003,CHEVROLET,ASTRO,CARGO MINIVAN,SPU,5800,,MURPHYS AUCTION
34582,2003,FORD,EXPEDITION,FULLSIZE SUV - 4X4,SPU,4600,,MURPHYS AUCTION
34583,2003,CHEVROLET,ASTRO,CARGO MINIVAN,SPU,6000,,MURPHYS AUCTION
34588,2003,CHEVROLET,S10,COMPACT PICKUP,SPU,1825,,MURPHYS AUCTION
34598,2003,FORD,F350,PICKUP - SERVICE BODY - 4X4,SPU,11600,,BIDADOO ONLINE AUCTION
34633,2003,FORD,F250,PICKUP - DUMP BODY - 4X4,DPR,9000,,BIDADOO ONLINE AUCTION
34635,2003,FORD,F250,PICKUP - 4X4,SPU,14000,,MURPHYS AUCTION
34640,2003,GMC,WORK HORSE,WALKIN VAN - CLASS 3,SPU,9900,,BIDADOO ONLINE AUCTION
34644,2003,FORD,F250,PICKUP,SPU,6100,,BIDADOO ONLINE AUCTION
34664,2003,FORD,F250,PICKUP - 4X4,SPU,6200,,BIDADOO ONLINE AUCTION
34681,2003,FORD,4X4 RANGER,COMPACT PICKUP - 4X4,SPU,6601,,BIDADOO ONLINE AUCTION
34703,2003,FREIGHTLINER,SPRINTER P2500SHC,PASSENGER VAN,SPU,16850.89,,BIDADOO ONLINE AUCTION
35520,2003,PETERBILT,320,TRUCK - EDUCTOR - VACTOR,SPU,82500,,MURPHYS AUCTION
35801,2003,FORD,F450,PICKUP - DUMPING FLATBED - CLASS 4,DPR,16000,,BIDADOO ONLINE AUCTION
36500,2003,CATERPILLAR,420D,BACKHOE LOADER - 16000 LB - BREAKER,SPU,24000,,MURPHYS AUCTION
36537,2003,CATERPILLAR,420D,BACKHOE LOADER - 16000 LB,SPU,36500,,MURPHYS AUCTION
36589,2003,FORD NEW HOLLAND,TS110,TRACTOR - BRUSHCUTTER FLAIL - 4X4,SPU,18000,,MURPHYS AUCTION
38144,2003,FORD NEW HOLLAND,TL90 DELUXE,TRACTOR - 4X4,DPR,28259,,BIDADOO ONLINE AUCTION
38145,2003,FORD NEW HOLLAND,TL90 DELUXE,TRACTOR - 4X4,DPR,25758,,BIDADOO ONLINE AUCTION
38255,2003,GO-4,INTERCEPTOR II,PEO SCOOTER,SPD,1050,,MURPHYS AUCTION
38269,2003,GO-4,INTERCEPTOR II,PEO SCOOTER TRAINING,SPD,2000,,MURPHYS AUCTION
38359,2003,CHEVROLET,MALIBU,SEDAN MIDSIZE,SPD,3053,,BIDADOO ONLINE AUCTION
39625,2003,FORD,CROWN VICTORIA,PATROL CAR TRAINING,SPD,2275,,BIDADOO ONLINE AUCTION
39626,2003,FORD,CROWN VICTORIA,FULLSIZE SEDAN,SPD,2100,,BIDADOO ONLINE AUCTION
41208,2004,CHEVROLET,CAVALIER,COMPACT SEDAN,HSD,3200,,MURPHYS AUCTION
41209,2004,CHEVROLET,CAVALIER,COMPACT SEDAN,HSD,4300,,BIDADOO ONLINE AUCTION
41212,2004,CHEVROLET,CAVALIER,COMPACT SEDAN,HSD,3250,,BIDADOO ONLINE AUCTION
41272,2004,TOYOTA,PRIUS,SEDAN COMPACT HYBRID,FAS,6010,,MURPHYS AUCTION
41278,2004,TOYOTA,PRIUS,COMPACT SEDAN - HYBRID,DPD,8100,,MURPHYS AUCTION
41451,2004,JEEP,LIBERTY,SUV COMPACT,SPU,3750,,MURPHYS AUCTION
41701,2004,CHEVROLET,IMPALA,MIDSIZE SEDAN,SPD,2806,,BIDADOO ONLINE AUCTION
41702,2004,CHEVROLET,IMPALA,MIDSIZE SEDAN,SPD,3450,,BIDADOO ONLINE AUCTION
41703,2004,CHEVROLET,IMPALA,SEDAN MIDSIZE,SPD,2656,,BIDADOO ONLINE AUCTION
41704,2004,CHEVROLET,IMPALA,MIDSIZE SEDAN,SPD,3296,,MURPHYS AUCTION
41705,2004,CHEVROLET,IMPALA,MIDSIZE SEDAN,SPD,4644,,BIDADOO ONLINE AUCTION
41707,2004,CHEVROLET,IMPALA,MIDSIZE SEDAN,SPD,2727.78,,BIDADOO ONLINE AUCTION
41708,2004,CHEVROLET,IMPALA,MIDSIZE SEDAN,SPD,2455,,BIDADOO ONLINE AUCTION
41923,2004,TORO,WORKMAN 4200,UTILITY VEHICLE 4 WHEEL,DPR,7100,,MURPHYS AUCTION
41992,2004,TORO,WORKMAN 3300,UTILITY VEHICLE 4 WHEEL,CEN,3500,,MURPHYS AUCTION
42906,2004,DODGE,STRATUS,MIDSIZE SEDAN,DPR,3000,,MURPHYS AUCTION
43171,2004,CHEVROLET,EXPRESS,CARGO VAN,SPD,9100,,BIDADOO ONLINE AUCTION
43230,2004,FORD,E250,CARGO VAN,SPL,7100,,BIDADOO ONLINE AUCTION
43231,2004,FORD,E250,CARGO VAN,SPL,11100,,BIDADOO ONLINE AUCTION
43232,2004,FORD,E250,CARGO VAN,SPL,6000,,BIDADOO ONLINE AUCTION
43236,2004,FORD,E250,CARGO VAN,SPL,7750,,MURPHYS AUCTION
43312,2004,FORD,F250,PICKUP - DUMP BODY,DPR,8400,,BIDADOO ONLINE AUCTION
43315,2004,FORD,F250,PICKUP - DUMP BODY - DROP IN,DPR,5850,,BIDADOO ONLINE AUCTION
43410,2004,FORD,E250,CARGO VAN,DPR,9955,,BIDADOO ONLINE AUCTION
43415,2004,CHEVROLET,EXPRESS,CARGO VAN,DPR,11050,,MURPHYS AUCTION
43416,2004,CHEVROLET,EXPRESS,CARGO VAN,DPR,6450,,BIDADOO ONLINE AUCTION
43418,2004,FORD,E350,CARGO VAN,DPR,6200,,BIDADOO ONLINE AUCTION
43419,2004,CHEVROLET,EXPRESS,CARGO VAN,DPR,8500,,BIDADOO ONLINE AUCTION
43442,2004,CHEVROLET,EXPRESS,PASSENGER VAN,DPR,7550,,BIDADOO ONLINE AUCTION
43443,2004,CHEVROLET,COLORADO,COMPACT PICKUP,DPR,3832,,BIDADOO ONLINE AUCTION
43445,2004,CHEVROLET,EXPRESS,PASSENGER VAN,DPR,8500,,MURPHYS AUCTION
43464,2004,JEEP,LIBERTY,COMPACT SUV - 4X4,SPU,6357.5,,BIDADOO ONLINE AUCTION
43478,2004,FORD,F250,PICKUP,SDOT,5220,,BIDADOO ONLINE AUCTION
43509,2004,FORD,E250,CARGO VAN,SPU,6099,,BIDADOO ONLINE AUCTION
43594,2004,FORD,F250,PICKUP,SDOT,6510,,MURPHYS AUCTION
43598,2004,FORD,F250,PICKUP,SDOT,7000,,BIDADOO ONLINE AUCTION
43629,2004,FORD,F450,PICKUP - SERVICE BODY - CLASS 4,SPU,6281,,BIDADOO ONLINE AUCTION
43634,2004,FORD,F250,PICKUP,DPR,4650,,BIDADOO ONLINE AUCTION
43685,2004,FORD,F550,TRUCK - DUMP - SANDER - PLOW - CLASS 5,SDOT,19400,,BIDADOO ONLINE AUCTION
43693,2004,FORD,E350,CARGO VAN,SPU,5600,,MURPHYS AUCTION
43694,2004,FORD,E250,CARGO VAN,SPU,5950,,MURPHYS AUCTION
43703,2004,FORD,F550,TRUCK - DUMP - PLOW - CLASS 5,SDOT,12500,,MURPHYS AUCTION
43790,2004,FORD,F250,PICKUP,DPR,8000,,BIDADOO ONLINE AUCTION
43897,2004,FORD,F350,PICKUP - CREW CAB,DPR,6300,,BIDADOO ONLINE AUCTION
43915,2004,FORD,F350,PICKUP,DPR,4300,,MURPHYS AUCTION
43923,2004,FORD,F250,PICKUP,DPR,3400,,MURPHYS AUCTION
43945,2004,FORD,F350,PICKUP - CREW CAB,DPR,6250,,MURPHYS AUCTION
43948,2004,FORD,F350,PICKUP - CREW CAB - 4X4,DPR,8478,,BIDADOO ONLINE AUCTION
43949,2004,CHEVROLET,EXPRESS,CARGO VAN,DPR,4650,,BIDADOO ONLINE AUCTION
43951,2004,FORD,F350,PICKUP - CREW CAB,DPR,5453.5,,BIDADOO ONLINE AUCTION
43958,2004,FORD,F250,PICKUP,DPR,14669,,MURPHYS AUCTION
43985,2004,FORD,F250,PICKUP,DPR,5659,,BIDADOO ONLINE AUCTION
43997,2004,FORD,F250,PICKUP,DPR,7600,,BIDADOO ONLINE AUCTION
44008,2004,FORD,F350,PICKUP - CREW CAB - 4X4,SPU,11100,,BIDADOO ONLINE AUCTION
44384,2004,FREIGHTLINER,MT55,WALKIN VAN - CLASS 6,SPU,15000,,MURPHYS AUCTION
44506,2004,FREIGHTLINER,MT55,WALKIN VAN - CLASS 6,SPU,19000,,MURPHYS AUCTION
44568,2004,CHEVROLET,COLORADO 4X4,COMPACT PICKUP - 4X4,SPU,9255,,BIDADOO ONLINE AUCTION
44585,2004,JEEP,LIBERTY,COMPACT SUV - 4X4,SPU,7350,,BIDADOO ONLINE AUCTION
44591,2004,FORD,F250,PICKUP - 4X4,SPU,9100,,BIDADOO ONLINE AUCTION
44605,2004,FORD,F350,PICKUP - CREW CAB - 4X4,SPU,10400,,BIDADOO ONLINE AUCTION
44630,2004,FORD,F250,PICKUP - 4X4,SPU,6150,,MURPHYS AUCTION
44667,2004,FORD,F350,PICKUP - SERVICE BODY,SPU,17500,,MURPHYS AUCTION
44668,2004,FORD,F250,PICKUP - 4X4,SPU,8600,,BIDADOO ONLINE AUCTION
45367,2004,FORD,E450,MEDIC AID VAN - 2ND  REMOUNT - A/M-86,SFD,6253.51,,BIDADOO ONLINE AUCTION
45521,2004,PETERBILT,320,TRUCK - EDUCTOR - VAC CON,SPU,57500,,MURPHYS AUCTION
45650,2004,CASE,590M,BACKHOE LOADER - 19500 LB - BREAKER,SDOT,25825,,BIDADOO ONLINE AUCTION
45651,2004,CASE,590M,BACKHOE LOADER - 15200 LB - BREAKER,SDOT,23700,,MURPHYS AUCTION
45671,2004,AMERICAN TRUCK BODIES,TRIPLE AXLE PUP DUMP,TRAILER - PUP DUMP,SDOT,11000,,BIDADOO ONLINE AUCTION
45673,2004,AMERICAN TRUCK BODIES,TRIPLE AXLE PUP DUMP,TRAILER - PUP DUMP,SDOT,13122,,BIDADOO ONLINE AUCTION
45674,2004,AMERICAN TRUCK BODIES,TRIPLE AXLE PUP DUMP,TRAILER - PUP DUMP,SDOT,13469,,BIDADOO ONLINE AUCTION
45675,2004,TORO,DINGO 320D,COMPACT UTILITY LOADER - TRENCHER,SDOT,4600,,MURPHYS AUCTION
45688,2004,AMERICAN TRUCK BODIES,TRIPLE AXLE PUP DUMP,TRAILER - PUP DUMP,SDOT,14550,,BIDADOO ONLINE AUCTION
45724,2004,PETERBILT,320,TRUCK - EDUCTOR - VAC CON,SPU,55000,,MURPHYS AUCTION
45804,2004,GMC,WT5500,TRUCK - BOOK DELIVERY - CLASS 5,SPL,13000,,BIDADOO ONLINE AUCTION
45805,2004,GMC,WT5500,TRUCK - BOOK DELIVERY - CLASS 5,SPL,15100,,BIDADOO ONLINE AUCTION
45807,2004,GMC,WT5500,TRUCK - BOOK DELIVERY - CLASS 5,SPL,17900,,BIDADOO ONLINE AUCTION
45885,2004,GMC,WT5500,TRUCK - REFUSE PACKER - CLASS 6,DPR,33500,,BIDADOO ONLINE AUCTION
45964,2004,GMC,WT5500,TRUCK - REFUSE PACKER - CLASS 6,DPR,25100,,BIDADOO ONLINE AUCTION
45969,2004,PETERBILT,335,TRUCK - EDUCTOR - VAC CON,DPR,76800,,BIDADOO ONLINE AUCTION
47002,2004,KUBOTA,L4330HST-F,TRACTOR - LOADER - BACKHOE,CEN,11500,,MURPHYS AUCTION
47127,2004,RAMMER,S25,BREAKER 500 LB,SDOT,2200,,MURPHYS AUCTION
49776,2004,FORD,CROWN VICTORIA,PATROL CAR - K9 TRAINING,SPD,1825,,BIDADOO ONLINE AUCTION
51021,2005,TOYOTA,PRIUS,COMPACT SEDAN - HYBRID,DPD,10600,,MURPHYS AUCTION
51129,2005,CHEVROLET,IMPALA,MIDSIZE SEDAN,SFD,2701,,BIDADOO ONLINE AUCTION
51136,2005,TOYOTA,PRIUS,COMPACT SEDAN - HYBRID,DPD,9000,,MURPHYS AUCTION
51161,2005,TAYLOR DUNN,SC-100-36,STOCK CHASER - ELECTRIC - 36 V,CEN,1905,,BIDADOO ONLINE AUCTION
51164,2005,TAYLOR DUNN,SC-100-36,STOCK CHASER - ELECTRIC - 36 V,CEN,1803,,BIDADOO ONLINE AUCTION
51169,2005,TOYOTA,PRIUS,COMPACT SEDAN - HYBRID,DPD,7000,,BIDADOO ONLINE AUCTION
51259,2005,FORD,FOCUS,SUBCOMPACT SEDAN,HSD,4150,,BIDADOO ONLINE AUCTION
51261,2005,FORD,FOCUS,SUBCOMPACT SEDAN,HSD,4860,,BIDADOO ONLINE AUCTION
51299,2005,TOYOTA,PRIUS,COMPACT SEDAN - HYBRID,HSD,7700,,BIDADOO ONLINE AUCTION
51309,2005,TOYOTA,PRIUS,COMPACT SEDAN - HYBRID,SDOT,6300,,MURPHYS AUCTION
51311,2005,TOYOTA,PRIUS,COMPACT SEDAN - HYBRID,DPR,8500,,BIDADOO ONLINE AUCTION
51331,2005,JEEP,LIBERTY,COMPACT SUV - 4X4,SPU,6155,,BIDADOO ONLINE AUCTION
51334,2005,TOYOTA,PRIUS,COMPACT SEDAN - HYBRID,SPU,8200,,BIDADOO ONLINE AUCTION
51359,2005,TOYOTA,PRIUS,COMPACT SEDAN - HYBRID,HSD,8700,,BIDADOO ONLINE AUCTION
51409,2005,JEEP,LIBERTY,COMPACT SUV,SPU,6100,,BIDADOO ONLINE AUCTION
51411,2005,JEEP,LIBERTY,COMPACT SUV - 4X4,SPU,5678,,BIDADOO ONLINE AUCTION
51419,2005,TOYOTA,PRIUS,COMPACT SEDAN - HYBRID,DPR,8111,,BIDADOO ONLINE AUCTION
51426,2005,JEEP,LIBERTY,COMPACT SUV,SPU,5125,,BIDADOO ONLINE AUCTION
51432,2005,TOYOTA,PRIUS,COMPACT SEDAN - HYBRID,SDOT,10111.11,,BIDADOO ONLINE AUCTION
51439,2005,TOYOTA,PRIUS,COMPACT SEDAN - HYBRID,DPR,6578,,BIDADOO ONLINE AUCTION
51444,2005,TOYOTA,PRIUS,COMPACT SEDAN - HYBRID,HSD,9100,,BIDADOO ONLINE AUCTION
51472,2005,CHEVROLET,ASTRO,CARGO MINIVAN,SPU,8700,,BIDADOO ONLINE AUCTION
51473,2005,CHEVROLET,ASTRO,CARGO MINIVAN,SPU,9600,,MURPHYS AUCTION
51535,2005,CHEVROLET,ASTRO,CARGO MINIVAN,SDOT,6600,,MURPHYS AUCTION
51564,2005,TOYOTA,PRIUS,COMPACT SEDAN - HYBRID,SFD,5100,,BIDADOO ONLINE AUCTION
51625,2005,CHEVROLET,ASTRO,CARGO MINIVAN,SDOT,5700,,BIDADOO ONLINE AUCTION
51674,2005,TOYOTA,PRIUS,COMPACT SEDAN - HYBRID,SDOT,8700,,BIDADOO ONLINE AUCTION
51680,2005,FORD,FOCUS,SUBCOMPACT SEDAN,SDOT,4399,,BIDADOO ONLINE AUCTION
51688,2005,DODGE,STRATUS,SEDAN MIDSIZE,SPU,5401.01,,BIDADOO ONLINE AUCTION
51848,2005,TOYOTA,PRIUS,COMPACT SEDAN - HYBRID,DPD,8500,,MURPHYS AUCTION
51882,2005,TOYOTA,PRIUS,COMPACT SEDAN - HYBRID,DPR,8201,,BIDADOO ONLINE AUCTION
51892,2005,TOYOTA,PRIUS,COMPACT SEDAN - HYBRID,DPR,9715.04,,BIDADOO ONLINE AUCTION
52020,2005,TOYOTA,PRIUS,COMPACT SEDAN - HYBRID,SDCI,7000,,MURPHYS AUCTION
52081,2005,TOYOTA,PRIUS,COMPACT SEDAN - HYBRID,DPD,9600,,BIDADOO ONLINE AUCTION
52084,2005,TOYOTA,PRIUS,SEDAN COMPACT HYBRID,SFD,7500,,MURPHYS AUCTION
52086,2005,TOYOTA,PRIUS,COMPACT SEDAN - HYBRID,DPR,6000,,MURPHYS AUCTION
52147,2005,TOYOTA,PRIUS,COMPACT SEDAN - HYBRID,DPD,8500,,MURPHYS AUCTION
52314,2005,JEEP,LIBERTY,SUV COMPACT,SFD,4477.7,,BIDADOO ONLINE AUCTION
52528,2005,TOYOTA,PRIUS,COMPACT SEDAN - HYBRID,SPU,9256,,BIDADOO ONLINE AUCTION
52567,2005,DODGE,CARAVAN,PASSENGER MINIVAN,SDOT,3750,,BIDADOO ONLINE AUCTION
53030,2005,CHEVROLET,EXPRESS,VAN PASSENGER,FAS,11201,,BIDADOO ONLINE AUCTION
53035,2005,CHEVROLET,EXPRESS,PASSENGER VAN,DPR,14500,,BIDADOO ONLINE AUCTION
53041,2005,CHEVROLET,EXPRESS,PASSENGER VAN,DPR,9000,,BIDADOO ONLINE AUCTION
53042,2005,FORD,F250,PICKUP,FAS,9001,,MURPHYS AUCTION
53046,2005,CHEVROLET,EXPRESS,VAN PASSENGER,DPR,11810,,BIDADOO ONLINE AUCTION
53155,2005,DODGE,CARAVAN,PASSENGER MINIVAN,SPD,4001,,BIDADOO ONLINE AUCTION
53158,2005,CHEVROLET,SUBURBAN K2500,SUV FULLSIZE - 4X4,SPD,3400,,MURPHYS AUCTION
53158,2005,CHEVROLET,SUBURBAN K2500/K25906,SUV FULLSIZE - 4X4,SPD,3400,,MURPHYS AUCTION
53240,2005,JEEP,LIBERTY,SUV COMPACT,SPU,4500,,BIDADOO ONLINE AUCTION
53241,2005,JEEP,LIBERTY,COMPACT SUV,SPU,4250,,BIDADOO ONLINE AUCTION
53242,2005,JEEP,LIBERTY,COMPACT SUV,SPU,5219,,BIDADOO ONLINE AUCTION
53251,2005,FORD,F350,PICKUP - ANIMAL CONTROL BODY,FAS,4376.01,,BIDADOO ONLINE AUCTION
53253,2005,FORD,F350,PICKUP - ANIMAL CONTROL BODY,FAS,7000,,MURPHYS AUCTION
53254,2005,FORD,F350,PICKUP - ANIMAL CONTROL BODY,FAS,6600,,BIDADOO ONLINE AUCTION
53446,2005,CHEVROLET,ASTRO,CARGO MINIVAN,DOIT,10200,,BIDADOO ONLINE AUCTION
53447,2005,CHEVROLET,ASTRO,CARGO MINIVAN,DOIT,8520,,BIDADOO ONLINE AUCTION
53503,2005,CHEVROLET,TAHOE,FULLSIZE SUV - 4X4,SDOT,5901,,BIDADOO ONLINE AUCTION
53506,2005,CHEVROLET,ASTRO,CARGO MINIVAN,SDOT,6408,,BIDADOO ONLINE AUCTION
53515,2005,DODGE,CARAVAN,PASSENGER MINIVAN,SDOT,4424.85,,BIDADOO ONLINE AUCTION
53521,2005,DODGE,CARAVAN,CARGO MINIVAN,SDOT,4325,,BIDADOO ONLINE AUCTION
53524,2005,DODGE,CARAVAN,CARGO MINIVAN,SPU,3100,,MURPHYS AUCTION
53535,2005,CHEVROLET,ASTRO,CARGO MINIVAN,SDOT,4905,,BIDADOO ONLINE AUCTION
53555,2005,FORD,RANGER,PICKUP COMPACT,SDOT,6700,,BIDADOO ONLINE AUCTION
53558,2005,FORD,F350,PICKUP,SPU,11410,,BIDADOO ONLINE AUCTION
53570,2005,FORD,F350,PICKUP - FLATBED,SDOT,12100,,BIDADOO ONLINE AUCTION
53574,2005,DODGE,CARAVAN,CARGO MINIVAN,SPU,5300,,MURPHYS AUCTION
53576,2005,DODGE,CARAVAN,MINIVAN CARGO,SPU,3500,,MURPHYS AUCTION
53577,2005,DODGE,CARAVAN,CARGO MINIVAN,SPU,6855,,BIDADOO ONLINE AUCTION
53608,2005,DODGE,CARAVAN,CARGO MINIVAN,SPU,2600,,MURPHYS AUCTION
53614,2005,FORD,RANGER,COMPACT PICKUP,SDOT,7150,,BIDADOO ONLINE AUCTION
53665,2005,FORD,F450,PICKUP - DUMPING FLATBED - CLASS 4,SDOT,13100,,BIDADOO ONLINE AUCTION
53761,2005,DODGE,CARAVAN,PASSENGER MINIVAN,SFD,4450,,BIDADOO ONLINE AUCTION
53767,2005,CHEVROLET,SUBURBAN K1500,SUV FULLSIZE - 4X4,SFD,6400,,MURPHYS AUCTION
53767,2005,CHEVROLET,SUBURBAN K1500/K15906,SUV FULLSIZE - 4X4,SFD,6400,,MURPHYS AUCTION
53771,2005,CHEVROLET,SUBURBAN K1500,SUV FULLSIZE - 4X4,SFD,6300,,BIDADOO ONLINE AUCTION
53771,2005,CHEVROLET,SUBURBAN K1500/K15906,SUV FULLSIZE - 4X4,SFD,6300,,BIDADOO ONLINE AUCTION
53862,2005,FORD,F350,PICKUP - CREW CAB - 4X4,DPR,7900,,BIDADOO ONLINE AUCTION
53873,2005,CHEVROLET,EXPRESS,PASSENGER VAN,DPR,9900,,BIDADOO ONLINE AUCTION
53874,2005,CHEVROLET,EXPRESS,CARGO VAN,DPR,5200,,BIDADOO ONLINE AUCTION
53878,2005,CHEVROLET,EXPRESS,PASSENGER VAN,DPR,11100,,BIDADOO ONLINE AUCTION
53881,2005,CHEVROLET,EXPRESS,VAN PASSENGER,DPR,11300,,BIDADOO ONLINE AUCTION
53882,2005,CHEVROLET,EXPRESS,PASSENGER VAN,DPR,8652,,BIDADOO ONLINE AUCTION
53886,2005,CHEVROLET,ASTRO,CARGO MINIVAN,SDOT,6408.08,,BIDADOO ONLINE AUCTION
53891,2005,CHEVROLET,EXPRESS,PASSENGER VAN,DPR,11100,,BIDADOO ONLINE AUCTION
53892,2005,CHEVROLET,EXPRESS,PASSENGER VAN,DPR,9188.88,,BIDADOO ONLINE AUCTION
53893,2005,CHEVROLET,EXPRESS,PASSENGER VAN,DPR,13375,,BIDADOO ONLINE AUCTION
53894,2005,CHEVROLET,EXPRESS,PASSENGER VAN,DPR,11200,,BIDADOO ONLINE AUCTION
54500,2005,CHEVROLET,ASTRO,CARGO MINIVAN,SPU,8400,,BIDADOO ONLINE AUCTION
54537,2005,FORD,RANGER,COMPACT PICKUP,SPU,5176,,BIDADOO ONLINE AUCTION
54595,2005,CHEVROLET,ASTRO,CARGO MINIVAN,SPU,9100,,MURPHYS AUCTION
54602,2005,FORD,F250,PICKUP,SPU,13500,,MURPHYS AUCTION
54653,2005,FORD,F250,PICKUP - 4X4,SPU,9500,,BIDADOO ONLINE AUCTION
54666,2005,FORD,F350,PICKUP - SERVICE BODY,SPU,5701,,BIDADOO ONLINE AUCTION
55538,2005,CASE,590M,BACKHOE LOADER - 19500 LB - BREAKER  4X4,SDOT,59201,,BIDADOO ONLINE AUCTION
55698,2005,LEE BOY,5000,"PATHWAY PAVER - 5`-9""",SDOT,23250,,MURPHYS AUCTION
55698,2005,LEE BOY,5000 PATH MASTER PAVER,"PATHWAY PAVER - 5`-9""",SDOT,23250,,MURPHYS AUCTION
55754,2005,STERLING,SC8000,SWEEPER - REGENERATIVE AIR,SDOT,35300,,BIDADOO ONLINE AUCTION
55756,2005,STERLING,SC8000,SWEEPER - MECHANICAL,SDOT,44255,,BIDADOO ONLINE AUCTION
55757,2005,STERLING,SC8000,SWEEPER - REGENERATIVE AIR M6000,SDOT,50010,,BIDADOO ONLINE AUCTION
55758,2005,STERLING,SC8000,SWEEPER - MECHANICAL,SDOT,44101,,BIDADOO ONLINE AUCTION
56598,2006,FORD,F550,TRUCK - SERVICE BODY - CLASS 5,SPU,16000,,MURPHYS AUCTION
57145,2005,BOMAG,BW90AD-2,ROLLER - 1.5 TON DOUBLE DRUM,SDOT,19600,,BIDADOO ONLINE AUCTION
57401,2005,GENIE,TZ-50,AERIAL LIFT - TRAILER MOUNTED,SDOT,13500,,MURPHYS AUCTION
58024,2005,TORO,328-D 4WD,"MOWER - 72"" ROTARY",DPR,4800,,MURPHYS AUCTION
58025,2005,TORO,328-D 4WD,"MOWER - 72"" ROTARY",DPR,5000,,MURPHYS AUCTION
58029,2005,TORO,4000-D,MOWER - 11` ROTARY,DPR,8500,,MURPHYS AUCTION
58030,2005,TORO,4000-D,MOWER - 11` ROTARY,DPR,11101,,BIDADOO ONLINE AUCTION
58031,2005,TORO,328-D 4WD,"MOWER - 72"" ROTARY",DPR,4500,,MURPHYS AUCTION
58033,2005,TORO,328-D 4WD,"MOWER - 72"" ROTARY",DPR,4350,,MURPHYS AUCTION
58034,2005,TORO,328-D 4WD,"MOWER - 72"" ROTARY",DPR,4000,,MURPHYS AUCTION
58036,2005,TORO,328-D 4WD,"MOWER - 72"" ROTARY",DPR,6506,,BIDADOO ONLINE AUCTION
58037,2005,TORO,328-D 4WD,"MOWER - 72"" ROTARY",DPR,4750,,MURPHYS AUCTION
58045,2005,BRUSH BANDIT,250XP,CHIPPER - 12 IN,DPR,20000,,MURPHYS AUCTION
58057,2005,TORO,4000-D,MOWER - 11` ROTARY,DPR,11500,,MURPHYS AUCTION
58067,2005,TORO,4000-D,MOWER - 11` ROTARY,DPR,11100,,BIDADOO ONLINE AUCTION
58070,2005,JACOBSEN,6010,MOWER - 11` ROTARY,DPR,5750,,MURPHYS AUCTION
58074,2005,TORO,328-D 4WD,"MOWER - 72"" ROTARY",DPR,4700,,MURPHYS AUCTION
58076,2005,TORO,328-D 4WD,"MOWER - 72"" ROTARY",DPR,5686,,BIDADOO ONLINE AUCTION
58080,2005,TORO,4000-D,MOWER - 11` ROTARY,DPR,17000,,MURPHYS AUCTION
58113,2005,TORO,4000-D,MOWER - 11` ROTARY,DPR,10600,,BIDADOO ONLINE AUCTION
58117,2005,TORO,4000-D,MOWER - 11` ROTARY,DPR,11525,,MURPHYS AUCTION
58122,2005,TORO,4700-D,MOWER - 11` ROTARY,DPR,11800,,BIDADOO ONLINE AUCTION
58137,2005,TORO,580D,MOWER - 16` ROTARY,DPR,10600,,MURPHYS AUCTION
58141,2005,TORO,328-D 4WD,"MOWER - 72"" ROTARY",DPR,5350,,MURPHYS AUCTION
58174,2005,KUBOTA,L39 4X4,TRACTOR,DPR,18600,,BIDADOO ONLINE AUCTION
58178,2005,KUBOTA,L39 4X4,TRACTOR,DPR,15602,,BIDADOO ONLINE AUCTION
58179,2005,KUBOTA,L39 4X4,TRACTOR,DPR,20302,,BIDADOO ONLINE AUCTION
58271,2005,GO-4,INTERCEPTOR II,PEO SCOOTER,SPD,4600,,MURPHYS AUCTION
58272,2005,GO-4,INTERCEPTOR II,PEO SCOOTER,SPD,3000,,MURPHYS AUCTION
58273,2005,GO-4,INTERCEPTOR II,PEO SCOOTER,SPD,2900,,MURPHYS AUCTION
58274,2005,GO-4,INTERCEPTOR II,PEO SCOOTER,SPD,2800,,MURPHYS AUCTION
58275,2005,GO-4,INTERCEPTOR II,PEO SCOOTER,SPD,3100,,MURPHYS AUCTION
58278,2005,GO-4,INTERCEPTOR II,PEO SCOOTER,SPD,3900,,MURPHYS AUCTION
58280,2005,GO-4,INTERCEPTOR II,PEO SCOOTER,SPD,3600,,MURPHYS AUCTION
58343,2005,JEEP,LIBERTY,COMPACT SUV,SPD,1325,,MURPHYS AUCTION
58345,2005,JEEP,LIBERTY,COMPACT SUV,SPD,1625,,MURPHYS AUCTION
59805,2005,FORD,CROWN VICTORIA,PATROL CAR,SPD,2400,,MURPHYS AUCTION
59808,2005,FORD,CROWN VICTORIA,PATROL CAR,SPD,460,,MURPHYS AUCTION
59829,2005,FORD,CROWN VICTORIA,PATROL CAR ACTIVE SPARE RESERVE,SPD,2050.96,,BIDADOO ONLINE AUCTION
59837,2005,FORD,CROWN VICTORIA,PATROL CAR,SPD,800,,MURPHYS AUCTION
59840,2005,FORD,CROWN VICTORIA,PATROL CAR - HALF SCREEN,SPD,2225,,BIDADOO ONLINE AUCTION
59843,2005,FORD,CROWN VICTORIA,PATROL CAR TRAINING,SPD,2605,,BIDADOO ONLINE AUCTION
59849,2005,FORD,CROWN VICTORIA,PATROL CAR - LICENSE RECOG SYSTEM,SPD,1775,,BIDADOO ONLINE AUCTION
59868,2005,FORD,CROWN VICTORIA,PATROL CAR - TRAFFIC TRAINING,SPD,2100,,MURPHYS AUCTION
59870,2005,FORD,CROWN VICTORIA,PATROL CAR - TRAFFIC TRAINING,SPD,1550,,MURPHYS AUCTION
61047,2006,DODGE,MAGNUM,FULLSIZE STATION WAGON,SPD,2575.02,,MURPHYS AUCTION
61127,2006,FORD,FOCUS,SUBCOMPACT SEDAN,SPU,6250,,MURPHYS AUCTION
61730,2006,CHEVROLET,IMPALA,SEDAN MIDSIZE,SPD,760,,MURPHYS AUCTION
62917,2006,TOYOTA,PRIUS,SEDAN COMPACT HYBRID,FAS,5800,,MURPHYS AUCTION
63383,2006,FORD,F350,PICKUP - FLATBED - PRESSURE WASHER,DPR,8501.5,,MURPHYS AUCTION
63541,2006,FORD,F250,PICKUP - DUMP BODY,SDOT,10750,,BIDADOO ONLINE AUCTION
63545,2006,FORD,F250,PICKUP - DUMP BODY,SDOT,11700,,BIDADOO ONLINE AUCTION
63580,2006,FORD,F250,PICKUP - DUMP BODY,SDOT,10333,,BIDADOO ONLINE AUCTION
63765,2006,CHEVROLET,SUBURBAN K1500,SUV FULLSIZE - 4X4,SFD,7833,,BIDADOO ONLINE AUCTION
63765,2006,CHEVROLET,SUBURBAN K1500/K15906,SUV FULLSIZE - 4X4,SFD,7833,,BIDADOO ONLINE AUCTION
63955,2006,FORD,F250,PICKUP - CREW CAB,DPR,9449.99,,MURPHYS AUCTION
64576,2006,FORD,F250,PICKUP - SERVICE BODY,SPU,8100,,MURPHYS AUCTION
64603,2006,FORD,F250,PICKUP - 4X4,SPU,7250,,MURPHYS AUCTION
64637,2006,FORD,F350,PICKUP - SERVICE BODY - 4X4,SPU,11800,,BIDADOO ONLINE AUCTION
64638,2006,FORD,F350,PICKUP - SERVICE BODY,SPU,11000,,MURPHYS AUCTION
65320,2006,FORD,E450,MEDIC AID VAN - 1ST REMOUNT,SFD,4100,,MURPHYS AUCTION
65321,2006,FORD,E450,MEDIC AID VAN - NEW BODY,SFD,3600,,MURPHYS AUCTION
65322,2006,FORD,E450,MEDIC AID VAN - NEW BODY,SFD,4155,,BIDADOO ONLINE AUCTION
65652,2006,CASE,590M,BACKHOE LOADER - 15200 LB - BREAKER,SDOT,25850,,BIDADOO ONLINE AUCTION
65735,2006,STERLING,SC8000,SWEEPER - REGENERATIVE AIR,SDOT,42000,,MURPHYS AUCTION
67200,2006,LIFT-A-LOAD,EPTW-314,TRAILER - ELEVATING PLATFORM  11340 GVWR,SDOT,5600,,BIDADOO ONLINE AUCTION
68032,2006,TORO,4000,MOWER - 11` ROTARY,DPR,10100,,BIDADOO ONLINE AUCTION
68044,2006,JOHN DEERE,4120 TRACTOR,TRACTOR - 4X4,DPR,3500,,MURPHYS AUCTION
68049,2006,VERMEER,BC 1000-XL,CHIPPER - 12 IN,SPU,19000,,MURPHYS AUCTION
68131,2006,TORO,580D,MOWER - 16` ROTARY,DPR,15250,,MURPHYS AUCTION
68139,2006,KUBOTA,F3680,"MOWER - 72"" ROTARY 4X4",DPR,7750,,MURPHYS AUCTION
68157,2006,KUBOTA,RTV900T6T2,UTILITY VEHICLE 4 WHEEL,DPR,2750,,MURPHYS AUCTION
68161,2006,JOHN DEERE,410G,BACKHOE LOADER - 18600 LB - BREAKER 4X4,SPU,29000,,MURPHYS AUCTION
69872,2006,DODGE,CHARGER,FULLSIZE SEDAN,SPD,4000,,OTHER
69872,2006,DODGE,CHARGER,FULLSIZE SEDAN,SPD,4000,,OTHER SURPLUS METHOD
69880,2006,FORD,CROWN VICTORIA,PATROL CAR,SPD,1025,,MURPHYS AUCTION
69882,2006,FORD,CROWN VICTORIA,PATROL CAR (FORMER) SPARE RESERVE,SPD,1000,,MURPHYS AUCTION
69887,2006,FORD,CROWN VICTORIA,PATROL CAR ACTIVE SPARE RESERVE,SPD,2005,,BIDADOO ONLINE AUCTION
69891,2006,FORD,CROWN VICTORIA,PATROL CAR TRAINING,SPD,2051,,BIDADOO ONLINE AUCTION
69892,2006,FORD,CROWN VICTORIA,PATROL CAR,SPD,1519,,BIDADOO ONLINE AUCTION
69893,2006,FORD,CROWN VICTORIA,PATROL CAR,SPD,1875,,BIDADOO ONLINE AUCTION
69895,2006,FORD,CROWN VICTORIA,PATROL CAR,SPD,1825,,BIDADOO ONLINE AUCTION
69896,2006,FORD,CROWN VICTORIA,PATROL CAR,SPD,1450,,MURPHYS AUCTION
69897,2006,FORD,CROWN VICTORIA,PATROL CAR,SPD,2000,,MURPHYS AUCTION
69900,2006,FORD,CROWN VICTORIA,PATROL CAR,SPD,1900,,MURPHYS AUCTION
69904,2006,FORD,CROWN VICTORIA,PATROL CAR,SPD,925,,MURPHYS AUCTION
69907,2006,FORD,CROWN VICTORIA,PATROL CAR,SPD,1900,,MURPHYS AUCTION
69908,2006,FORD,CROWN VICTORIA,PATROL CAR ACTIVE SPARE RESERVE,SPD,901,,MURPHYS AUCTION
69910,2006,FORD,CROWN VICTORIA,PATROL CAR TRAINING,SPD,2325,,BIDADOO ONLINE AUCTION
70463,2007,CHEVROLET,IMPALA,MIDSIZE SEDAN,SPD,807,,MURPHYS AUCTION
71990,2007,TORO,WORKMAN E2065,UTILITY VEHICLE - ELECTRIC,CEN,2200,,MURPHYS AUCTION
72747,2007,APPLIED SWEEPER INC,GREEN MACHINE,SWEEPER - YARD,CEN,18750,,BIDADOO ONLINE AUCTION
73032,2007,FORD,RANGER,COMPACT PICKUP,FAS,10250,,MURPHYS AUCTION
73293,2007,DODGE,GRAND CARAVAN,CARGO MINIVAN,SPU,1600,,MURPHYS AUCTION
73584,2007,FORD,RANGER,COMPACT PICKUP,SPU,7351,,BIDADOO ONLINE AUCTION
73597,2007,FORD,RANGER,COMPACT PICKUP,SDOT,7300,,BIDADOO ONLINE AUCTION
73616,2007,FORD,F350,PICKUP PLOW 4X4,SDOT,14000,,MURPHYS AUCTION
73671,2007,FORD,F350,PICKUP,SDOT,4600,,MURPHYS AUCTION
73673,2007,FORD,F350,PICKUP,SDOT,4351,,BIDADOO ONLINE AUCTION
73938,2007,PETERBILT,330,TRUCK - FLATBED - CONCRETE - CLASS 6,DPR,41600,,BIDADOO ONLINE AUCTION
73953,2007,GMC,WORK HORSE,WALKIN VAN - CLASS 4,SPL,16800,,BIDADOO ONLINE AUCTION
74521,2007,CHEVROLET,COLORADO 4X4,COMPACT PICKUP - CREW CAB - 4X4,SPU,14000,,BIDADOO ONLINE AUCTION
74532,2007,FORD,RANGER,COMPACT PICKUP,SPU,8215,,BIDADOO ONLINE AUCTION
74547,2007,FORD,RANGER,COMPACT PICKUP,SPU,6600,,MURPHYS AUCTION
74625,2007,CHEVROLET,COLORADO 4X4,COMPACT PICKUP - CREW CAB - 4X4,SPU,12000,,MURPHYS AUCTION
74716,2007,CHEVROLET,COLORADO 4X4,COMPACT PICKUP - CREW CAB - 4X4,SPU,12250,,MURPHYS AUCTION
75519,2007,PETERBILT,335,TRUCK - FLATBED - CLASS 7,SDOT,45100,,BIDADOO ONLINE AUCTION
75653,2007,KENWORTH,W900B,TRUCK - 11 YD CEMENT MIXER - CLASS 8,SDOT,22655,,BIDADOO ONLINE AUCTION
75684,2007,CASE,590M,BACKHOE LOADER - 19500 LB - BREAKER  4X4,SDOT,33600,,MURPHYS AUCTION
75689,2007,CASE,590M,BACKHOE LOADER - 19500 LB - BREAKER  4X4,SDOT,23000,,MURPHYS AUCTION
75736,2007,STERLING,SC8000,SWEEPER - REGENERATIVE AIR,SDOT,45100,,BIDADOO ONLINE AUCTION
75742,2007,STERLING,SC8000,SWEEPER - REGENERATIVE AIR,SDOT,36600,,BIDADOO ONLINE AUCTION
75743,2007,STERLING,SC8000,SWEEPER - MECHANICAL,SDOT,52800,,BIDADOO ONLINE AUCTION
75744,2007,STERLING,SC8000,SWEEPER - REGENERATIVE AIR M6000,SDOT,47100,,BIDADOO ONLINE AUCTION
76452,2007,JOHN DEERE,ZTRAK M665,"MOWER - 72"" ROTARY",SPU,3750,,MURPHYS AUCTION
76515,2007,PETERBILT,335,TRUCK - CRANE - CLASS 8,SPU,110000,,MURPHYS AUCTION
76517,2007,JOHN DEERE,ZTRAK 777,"MOWER - 72"" ROTARY",SPU,3750,,MURPHYS AUCTION
76532,2007,JOHN DEERE,110 TRACTOR/LOADER/BACKHOE,TRACTOR - LOADER - BACKHOE,SPU,29000,,MURPHYS AUCTION
77148,2007,CASE,590M,BACKHOE LOADER - 19500 LB - BREAKER  4X4,SDOT,29500,,MURPHYS AUCTION
77231,2007,BRUSH BANDIT,250XP,CHIPPER - 12 IN,SDOT,18650,,BIDADOO ONLINE AUCTION
77300,2007,SEGWAY,I2,ELECTRIC PERSONAL MOBILITY DEVICE,SPD,1725,,BIDADOO ONLINE AUCTION
77301,2007,SEGWAY,I2,ELECTRIC PERSONAL MOBILITY DEVICE,SPD,1175,,BIDADOO ONLINE AUCTION
77302,2007,SEGWAY,I2,ELECTRIC PERSONAL MOBILITY DEVICE,SPD,1325,,BIDADOO ONLINE AUCTION
77303,2007,SEGWAY,I2,ELECTRIC PERSONAL MOBILITY DEVICE,SPD,2393,,BIDADOO ONLINE AUCTION
77304,2007,SEGWAY,I2,ELECTRIC PERSONAL MOBILITY DEVICE,SPD,785,,BIDADOO ONLINE AUCTION
77305,2007,SEGWAY,I2,ELECTRIC PERSONAL MOBILITY DEVICE,SPD,1526,,BIDADOO ONLINE AUCTION
77306,2007,SEGWAY,I2,ELECTRIC PERSONAL MOBILITY DEVICE,FAS,1000,,MURPHYS AUCTION
77428,2007,EZEE,TORQ2,ELECTRIC BICYCLE,FAS,600,,MURPHYS AUCTION
78026,2007,TORO,4000-D,MOWER - 11` ROTARY,DPR,11700,,MURPHYS AUCTION
78028,2007,TORO,328-D 4WD,"MOWER - 72"" ROTARY",DPR,4506,,BIDADOO ONLINE AUCTION
78048,2007,JOHN DEERE,2500E HYBRID DIESEL,MOWER - HYBRID GREENS,DPR,4050,,BIDADOO ONLINE AUCTION
78064,2007,TORO,4000-D,MOWER - 11` ROTARY,DPR,12500,,MURPHYS AUCTION
78079,2007,TORO,4000-D,MOWER - 11` ROTARY,DPR,17877,,BIDADOO ONLINE AUCTION
78081,2007,TORO,4000-D,MOWER - 11` ROTARY,DPR,14652.77,,BIDADOO ONLINE AUCTION
78116,2007,TORO,4000-D,MOWER - 11` ROTARY,DPR,10975,,BIDADOO ONLINE AUCTION
78138,2007,TORO,4000-D,MOWER - 11` ROTARY,DPR,13201.5,,BIDADOO ONLINE AUCTION
78140,2007,TORO,580D,MOWER - 16` ROTARY,DPR,15120.99,,BIDADOO ONLINE AUCTION
78142,2007,TORO,4000-D,MOWER - 11` ROTARY,DPR,11700,,MURPHYS AUCTION
78286,2007,GO-4,INTERCEPTOR II,PEO SCOOTER,SPD,2600,,BIDADOO ONLINE AUCTION
79107,2007,DODGE,CHARGER,PATROL CAR - TRAFFIC,SPD,5100,,BIDADOO ONLINE AUCTION
79108,2007,DODGE,CHARGER,PATROL CAR - TRAFFIC,SPD,2150,,BIDADOO ONLINE AUCTION
79913,2007,FORD,CROWN VICTORIA,PATROL CAR - HALF SCREEN,SPD,2000,,MURPHYS AUCTION
79914,2007,FORD,CROWN VICTORIA,PATROL CAR - HALF SCREEN,SPD,2425,,BIDADOO ONLINE AUCTION
79917,2007,FORD,CROWN VICTORIA,PATROL CAR ACTIVE SPARE RESERVE,SPD,726,,MURPHYS AUCTION
79918,2007,FORD,CROWN VICTORIA,PATROL CAR,SPD,2100,,MURPHYS AUCTION
79919,2007,FORD,CROWN VICTORIA,PATROL CAR,SPD,2325,,BIDADOO ONLINE AUCTION
79920,2007,FORD,CROWN VICTORIA,PATROL CAR,SPD,2750,,MURPHYS AUCTION
79921,2007,FORD,CROWN VICTORIA,PATROL CAR,SPD,2400,,MURPHYS AUCTION
79924,2007,FORD,CROWN VICTORIA,PATROL CAR - SGT`S CAR,SPD,550,,MURPHYS AUCTION
79926,2007,FORD,CROWN VICTORIA,PATROL CAR,SPD,2600,,MURPHYS AUCTION
79927,2007,FORD,CROWN VICTORIA,PATROL CAR,SPD,2600,,MURPHYS AUCTION
79928,2007,FORD,CROWN VICTORIA,PATROL CAR - K9,SPD,1225,,BIDADOO ONLINE AUCTION
79930,2007,FORD,CROWN VICTORIA,PATROL CAR,SPD,910,,BIDADOO ONLINE AUCTION
79931,2007,DODGE,CHARGER,PATROL CAR - TRAFFIC,SPD,3500,,BIDADOO ONLINE AUCTION
79932,2007,DODGE,CHARGER,PATROL CAR - TRAFFIC,SPD,4500,,OTHER
79932,2007,DODGE,CHARGER,PATROL CAR - TRAFFIC,SPD,4500,,OTHER SURPLUS METHOD
79933,2007,DODGE,CHARGER,PATROL CAR - DUI,SPD,7900,,MURPHYS AUCTION
79934,2007,DODGE,CHARGER,PATROL CAR - TRAFFIC,SPD,2850,,BIDADOO ONLINE AUCTION
79935,2007,DODGE,CHARGER,PATROL CAR - DUI,SPD,4500,,MURPHYS AUCTION
79936,2007,DODGE,CHARGER,PATROL CAR - TRAFFIC,SPD,5450,,MURPHYS AUCTION
79951,2007,FORD,CROWN VICTORIA,PATROL CAR,SPD,1925,,BIDADOO ONLINE AUCTION
79952,2007,FORD,CROWN VICTORIA,PATROL CAR,SPD,2400,,MURPHYS AUCTION
79953,2007,FORD,CROWN VICTORIA,PATROL CAR TRAINING,SPD,950,,MURPHYS AUCTION
79954,2007,FORD,CROWN VICTORIA,PATROL CAR - TRAINING,SPD,1550,,MURPHYS AUCTION
79955,2007,FORD,CROWN VICTORIA,PATROL CAR,SPD,410,,MURPHYS AUCTION
79958,2007,FORD,CROWN VICTORIA,PATROL CAR,SPD,2127,,BIDADOO ONLINE AUCTION
79959,2007,FORD,CROWN VICTORIA,PATROL CAR,SPD,850,,MURPHYS AUCTION
79960,2007,FORD,CROWN VICTORIA,PATROL CAR,SPD,1925,,BIDADOO ONLINE AUCTION
79961,2007,FORD,CROWN VICTORIA,PATROL CAR,SPD,1550,,MURPHYS AUCTION
79965,2007,FORD,CROWN VICTORIA,PATROL CAR,SPD,1025,,BIDADOO ONLINE AUCTION
79968,2007,FORD,CROWN VICTORIA,PATROL CAR,SPD,1500,,BIDADOO ONLINE AUCTION
79970,2007,FORD,CROWN VICTORIA,PATROL CAR,SPD,2800.57,,BIDADOO ONLINE AUCTION
79971,2007,FORD,CROWN VICTORIA,PATROL CAR,SPD,2050,,BIDADOO ONLINE AUCTION
79972,2007,FORD,CROWN VICTORIA,PATROL CAR - LT`S CAR,SPD,550,,MURPHYS AUCTION
79973,2007,FORD,CROWN VICTORIA,PATROL CAR,SPD,875,,BIDADOO ONLINE AUCTION
79975,2007,FORD,CROWN VICTORIA,PATROL CAR,SPD,1432,,BIDADOO ONLINE AUCTION
79976,2007,FORD,CROWN VICTORIA,PATROL CAR,SPD,2400,,MURPHYS AUCTION
79977,2007,FORD,CROWN VICTORIA,PATROL CAR,SPD,700,,MURPHYS AUCTION
79980,2007,FORD,CROWN VICTORIA,PATROL CAR,SPD,550,,MURPHYS AUCTION
79981,2007,FORD,CROWN VICTORIA,PATROL CAR,SPD,3545.95,,BIDADOO ONLINE AUCTION
79982,2007,FORD,CROWN VICTORIA,PATROL CAR,SPD,155,,MURPHYS AUCTION
79983,2007,FORD,CROWN VICTORIA,PATROL CAR,SPD,700,,MURPHYS AUCTION
79984,2007,FORD,CROWN VICTORIA,PATROL CAR,SPD,1509,,BIDADOO ONLINE AUCTION
79985,2007,FORD,CROWN VICTORIA,PATROL CAR,SPD,2205,,BIDADOO ONLINE AUCTION
79986,2007,FORD,CROWN VICTORIA,PATROL CAR,SPD,950,,MURPHYS AUCTION
79987,2007,FORD,CROWN VICTORIA,PATROL CAR,SPD,1825,,BIDADOO ONLINE AUCTION
79988,2007,FORD,CROWN VICTORIA,PATROL CAR - SGT`S CAR,SPD,1300,,MURPHYS AUCTION
79990,2007,FORD,CROWN VICTORIA,PATROL CAR,SPD,1475,,BIDADOO ONLINE AUCTION
79991,2007,FORD,CROWN VICTORIA,PATROL CAR ACTIVE SPARE RESERVE,SPD,1900,,BIDADOO ONLINE AUCTION
79993,2007,FORD,CROWN VICTORIA,PATROL CAR - K9,SPD,825,,MURPHYS AUCTION
79995,2007,FORD,CROWN VICTORIA,PATROL CAR - K9,SPD,1675,,BIDADOO ONLINE AUCTION
80202,2000,FORD,E350,PASSENGER VAN,DPR,4152,,BIDADOO ONLINE AUCTION
80204,2002,GMC,SAVANNA,PASSENGER VAN,DPR,9600,,MURPHYS AUCTION
80370,1940,FORD,UNKNOWN,FIRE PUMPER - ANTIQUE,SFD,10750,,BIDADOO ONLINE AUCTION
80393,1993,BUTLER,TRAILER,TRAILER,SFD,2800,,MURPHYS AUCTION
80413,2007,WELLS CARGO,TRAILER,TRAILER - JET BOAT,SFD,225,,MURPHYS AUCTION
80428,2008,FORD,E450,MEDIC AID VAN NEW BODY,SFD,5546,,MURPHYS AUCTION
80442,1981,GMC,T80204,BUS,SPD,500,,MURPHYS AUCTION
80504,2005,JOHN DEERE,GATOR,UTILITY VEHICLE 4 WHEEL,DPR,5500,,MURPHYS AUCTION
80608,1996,FORD,UNKNOWN,BUS,SPD,250,,MURPHYS AUCTION
81723,1998,FORD,SUPER CLUB,PASSENGER VAN,DPR,3750,,MURPHYS AUCTION
81740,2000,KAWASAKI,KAF620-A6,UTILITY VEHICLE 4 WHEEL,DPR,3250,,BIDADOO ONLINE AUCTION
81998,2008,TORO,WORKMAN 4300,UTILITY VEHICLE 4 WHEEL,CEN,8988,,BIDADOO ONLINE AUCTION
82453,2001,TOYOTA,PRIUS,COMPACT SEDAN - HYBRID,DPR,6000,,MURPHYS AUCTION
82456,2001,FORD,F350,PICKUP - DUMPING FLATBED - 4X4,DPR,11550,,MURPHYS AUCTION
82464,2001,FORD,F250,PICKUP,DPR,3500,,MURPHYS AUCTION
82467,2001,FORD,F250,PICKUP,DPR,6322.26,,BIDADOO ONLINE AUCTION
82468,2001,FORD,F250,PICKUP,DPR,3750,,MURPHYS AUCTION
83004,2008,CHEVROLET,UPLANDER,PASSENGER MINIVAN,FAS,8500,,MURPHYS AUCTION
84516,2008,FORD,F350,PICKUP - CREW CAB - 4X4,SPU,14000,,MURPHYS AUCTION
84616,2008,FORD,ESCAPE HYBRID,COMPACT SUV - HYBRID,CEN,8200,,BIDADOO ONLINE AUCTION
84671,2008,CHEVROLET,UPLANDER,CARGO MINIVAN,SPU,2075,,MURPHYS AUCTION
85427,2008,FORD,E450,MEDIC AID VAN - NEW BODY,SFD,5096,,MURPHYS AUCTION
85533,2008,HYPAC,C530AH,ROLLER - 11 TON PNEUMATIC,SDOT,15400,,BIDADOO ONLINE AUCTION
85877,2002,PETERBILT,330,TRUCK - AERIAL LIFT - CHIP BODY,DPR,43100,,BIDADOO ONLINE AUCTION
86351,1996,FORD,E350,CUTAWAY VAN,SPD,225,,MURPHYS AUCTION
86519,2008,JOHN DEERE,1565 MOWER,"MOWER - 72"" ROTARY",SPU,18500,,MURPHYS AUCTION
87003,2008,ELGIN,CROSSWIND,SWEEPER - REGENERATIVE AIR,CEN,40100,,BIDADOO ONLINE AUCTION
87023,2008,SMITHCO,SWEEPSTAR 60,YARD SWEEPER - SELF PROPELLED,CEN,6566.6,,BIDADOO ONLINE AUCTION
87129,2008,VERMEER,SC60TX,STUMP GRINDER,DPR,35300,,BIDADOO ONLINE AUCTION
87146,2008,CASE,590M,BACKHOE LOADER - 19500 LB - BREAKER  4X4,SDOT,24000,,MURPHYS AUCTION
87501,2008,POWER CURBER,PC-150,POWER CURBER,SDOT,2750,,MURPHYS AUCTION
87601,2008,HARLEY-DAVIDSON,FLHPI ROAD KING,POLICE MOTORCYCLE,SPD,7200,,BIDADOO ONLINE AUCTION
87603,2008,HARLEY-DAVIDSON,FLHPI ROAD KING,POLICE MOTORCYCLE,SPD,5045,,BIDADOO ONLINE AUCTION
87606,2008,HARLEY-DAVIDSON,FLHPI ROAD KING,POLICE MOTORCYCLE,SPD,6500,,BIDADOO ONLINE AUCTION
87608,2008,HARLEY-DAVIDSON,FLHPI ROAD KING,POLICE MOTORCYCLE,SPD,9000,,MURPHYS AUCTION
87609,2008,HARLEY-DAVIDSON,FLHPI ROAD KING,POLICE MOTORCYCLE,SPD,6400,,BIDADOO ONLINE AUCTION
87613,2008,HARLEY-DAVIDSON,FLHPI ROAD KING,POLICE MOTORCYCLE,SPD,7150,,BIDADOO ONLINE AUCTION
87614,2008,HARLEY-DAVIDSON,FLHPI ROAD KING,POLICE MOTORCYCLE,SPD,6100,,BIDADOO ONLINE AUCTION
87615,2008,HARLEY-DAVIDSON,FLHPI ROAD KING,POLICE MOTORCYCLE,SPD,8852,,BIDADOO ONLINE AUCTION
87619,2008,HARLEY-DAVIDSON,FLHPI ROAD KING,POLICE MOTORCYCLE,SPD,6600,,BIDADOO ONLINE AUCTION
87620,2008,HARLEY-DAVIDSON,FLHPI ROAD KING,POLICE MOTORCYCLE,SPD,6308,,BIDADOO ONLINE AUCTION
88068,2008,TORO,4000,MOWER - 11` ROTARY,DPR,16156,,BIDADOO ONLINE AUCTION
88115,2008,JOHN DEERE,1565 MOWER,"MOWER - 72"" ROTARY",DPR,11328,,BIDADOO ONLINE AUCTION
89111,2008,FORD,CROWN VICTORIA,PATROL CAR,SPD,850,,MURPHYS AUCTION
89112,2008,FORD,CROWN VICTORIA,PATROL CAR,SPD,2300,,MURPHYS AUCTION
89113,2008,FORD,CROWN VICTORIA,PATROL CAR,SPD,1000,,MURPHYS AUCTION
89114,2008,FORD,CROWN VICTORIA,PATROL CAR ACTIVE SPARE RESERVE,SPD,2550,,BIDADOO ONLINE AUCTION
89115,2008,FORD,CROWN VICTORIA,PATROL CAR,SPD,1725.5,,BIDADOO ONLINE AUCTION
89116,2008,FORD,CROWN VICTORIA,PATROL CAR,SPD,3550,,BIDADOO ONLINE AUCTION
89117,2008,FORD,CROWN VICTORIA,PATROL CAR,SPD,2050,,BIDADOO ONLINE AUCTION
89118,2008,FORD,CROWN VICTORIA,PATROL CAR,SPD,1550,,BIDADOO ONLINE AUCTION
89119,2008,FORD,CROWN VICTORIA,PATROL CAR,SPD,310,,MURPHYS AUCTION
89120,2008,FORD,CROWN VICTORIA,PATROL CAR,SPD,1475,,BIDADOO ONLINE AUCTION
89121,2008,FORD,CROWN VICTORIA,PATROL CAR,SPD,2226,,BIDADOO ONLINE AUCTION
89122,2008,FORD,CROWN VICTORIA,PATROL CAR,SPD,1650,,BIDADOO ONLINE AUCTION
89123,2008,FORD,CROWN VICTORIA,PATROL CAR,SPD,800,,MURPHYS AUCTION
89124,2008,FORD,CROWN VICTORIA,PATROL CAR,SPD,3115.65,,BIDADOO ONLINE AUCTION
89125,2008,FORD,CROWN VICTORIA,PATROL CAR,SPD,1750.88,,BIDADOO ONLINE AUCTION
89126,2008,FORD,CROWN VICTORIA,PATROL CAR,SPD,1915,,BIDADOO ONLINE AUCTION
89127,2008,FORD,CROWN VICTORIA,PATROL CAR,SPD,2050,,BIDADOO ONLINE AUCTION
89128,2008,FORD,CROWN VICTORIA,PATROL CAR,SPD,1707,,BIDADOO ONLINE AUCTION
89130,2008,FORD,CROWN VICTORIA,PATROL CAR,SPD,900,,MURPHYS AUCTION
89136,2008,FORD,CROWN VICTORIA,PATROL CAR,SPD,3474,,BIDADOO ONLINE AUCTION
89141,2008,FORD,CROWN VICTORIA,PATROL CAR,SPD,2750,,BIDADOO ONLINE AUCTION
89142,2008,FORD,CROWN VICTORIA,PATROL CAR,SPD,2282,,BIDADOO ONLINE AUCTION
89143,2008,FORD,CROWN VICTORIA,PATROL CAR,SPD,1200,,MURPHYS AUCTION
89144,2008,FORD,CROWN VICTORIA,PATROL CAR,SPD,1510,,MURPHYS AUCTION
89145,2008,FORD,CROWN VICTORIA,PATROL CAR,SPD,450,,MURPHYS AUCTION
89146,2008,FORD,CROWN VICTORIA,PATROL CAR,SPD,1426,,BIDADOO ONLINE AUCTION
89147,2008,FORD,CROWN VICTORIA,PATROL CAR,SPD,620,,BIDADOO ONLINE AUCTION
89148,2008,FORD,CROWN VICTORIA,PATROL CAR,SPD,2057,,MURPHYS AUCTION
89149,2008,FORD,CROWN VICTORIA,PATROL CAR,SPD,1600.77,,BIDADOO ONLINE AUCTION
89150,2008,FORD,CROWN VICTORIA,PATROL CAR,SPD,1650,,BIDADOO ONLINE AUCTION
89151,2008,FORD,CROWN VICTORIA,PATROL CAR,SPD,1575,,BIDADOO ONLINE AUCTION
89153,2008,FORD,CROWN VICTORIA,PATROL CAR,SPD,1000,,MURPHYS AUCTION
89154,2008,FORD,CROWN VICTORIA,PATROL CAR,SPD,1000,,MURPHYS AUCTION
89155,2008,FORD,CROWN VICTORIA,PATROL CAR,SPD,925,,MURPHYS AUCTION
89156,2008,FORD,CROWN VICTORIA,PATROL CAR - LICENSE RECOG SYSTEM,SPD,1500,,BIDADOO ONLINE AUCTION
89158,2008,FORD,CROWN VICTORIA,PATROL CAR,SPD,1025,,BIDADOO ONLINE AUCTION
89159,2008,FORD,CROWN VICTORIA,PATROL CAR,SPD,2025,,BIDADOO ONLINE AUCTION
89160,2008,FORD,CROWN VICTORIA,PATROL CAR,SPD,2450,,MURPHYS AUCTION
89161,2008,FORD,CROWN VICTORIA,PATROL CAR,SPD,800,,MURPHYS AUCTION
89162,2008,FORD,CROWN VICTORIA,PATROL CAR,SPD,1926,,BIDADOO ONLINE AUCTION
89163,2008,FORD,CROWN VICTORIA,PATROL CAR,SPD,2300,,MURPHYS AUCTION
89164,2008,FORD,CROWN VICTORIA,PATROL CAR,SPD,550,,MURPHYS AUCTION
89165,2008,FORD,CROWN VICTORIA,PATROL CAR,SPD,1875,,BIDADOO ONLINE AUCTION
89166,2008,FORD,CROWN VICTORIA,PATROL CAR,SPD,1508,,BIDADOO ONLINE AUCTION
89168,2008,FORD,CROWN VICTORIA,PATROL CAR,SPD,2570,,BIDADOO ONLINE AUCTION
89169,2008,FORD,CROWN VICTORIA,PATROL CAR,SPD,1125,,MURPHYS AUCTION
89170,2008,FORD,CROWN VICTORIA,PATROL CAR,SPD,875,,MURPHYS AUCTION
89171,2008,FORD,CROWN VICTORIA,PATROL CAR,SPD,800,,MURPHYS AUCTION
89172,2008,FORD,CROWN VICTORIA,PATROL CAR,SPD,400,,MURPHYS AUCTION
89173,2008,FORD,CROWN VICTORIA,PATROL CAR,SPD,2316,,MURPHYS AUCTION
89175,2008,FORD,CROWN VICTORIA,PATROL CAR,SPD,1575,,BIDADOO ONLINE AUCTION
89176,2008,FORD,CROWN VICTORIA,PATROL CAR,SPD,2620,,BIDADOO ONLINE AUCTION
89177,2008,FORD,CROWN VICTORIA,PATROL CAR,SPD,991.66,,MURPHYS AUCTION
89178,2008,FORD,CROWN VICTORIA,PATROL CAR,SPD,2125,,MURPHYS AUCTION
89179,2008,FORD,CROWN VICTORIA,PATROL CAR,SPD,3705,,BIDADOO ONLINE AUCTION
89180,2008,FORD,CROWN VICTORIA,PATROL CAR,SPD,2025,,BIDADOO ONLINE AUCTION
89181,2008,FORD,CROWN VICTORIA,PATROL CAR,SPD,2025,,MURPHYS AUCTION
89182,2008,FORD,CROWN VICTORIA,PATROL CAR,SPD,475,,MURPHYS AUCTION
89183,2008,FORD,CROWN VICTORIA,PATROL CAR,SPD,2150,,MURPHYS AUCTION
89184,2008,FORD,CROWN VICTORIA,PATROL CAR,SPD,2275,,BIDADOO ONLINE AUCTION
89185,2008,FORD,CROWN VICTORIA,PATROL CAR,SPD,820,,BIDADOO ONLINE AUCTION
89186,2008,FORD,CROWN VICTORIA,PATROL CAR,SPD,2025,,MURPHYS AUCTION
89187,2008,FORD,CROWN VICTORIA,PATROL CAR,SPD,1690,,BIDADOO ONLINE AUCTION
89188,2008,FORD,CROWN VICTORIA,PATROL CAR,SPD,2550,,BIDADOO ONLINE AUCTION
89189,2008,FORD,CROWN VICTORIA,PATROL CAR,SPD,1100,,MURPHYS AUCTION
89190,2008,FORD,CROWN VICTORIA,PATROL CAR,SPD,500,,BIDADOO ONLINE AUCTION
89192,2008,FORD,CROWN VICTORIA,FULLSIZE SEDAN,SPD,400,,MURPHYS AUCTION
89197,2008,FORD,CROWN VICTORIA,PATROL CAR - TRAFFIC,SPD,1104,,BIDADOO ONLINE AUCTION
90008,2009,CATERPILLAR,963,SOLID WASTE TRACK LOADER,SPU,52250,,MURPHYS AUCTION
93009,2009,TOYOTA,SIENNA,PASSENGER MINIVAN,FAS,16100,,BIDADOO ONLINE AUCTION
94558,2009,FORD,F250,PICKUP,SPU,12001,,MURPHYS AUCTION
94571,2009,FORD,F350,PICKUP - DUMP BODY - 4X4,SPU,15100,,MURPHYS AUCTION
97412,2009,SEGWAY,I2,ELECTRIC PERSONAL MOBILITY DEVICE,FAS,3250,,BIDADOO ONLINE AUCTION
97427,2009,SEGWAY,I2,ELECTRIC PERSONAL MOBILITY DEVICE,SFD,1800,,MURPHYS AUCTION
97621,2009,HARLEY-DAVIDSON,FLHPI ROAD KING,POLICE MOTORCYCLE,SPD,7800,,BIDADOO ONLINE AUCTION
97623,2009,HARLEY-DAVIDSON,FLHPI ROAD KING,POLICE MOTORCYCLE,SPD,4738,,BIDADOO ONLINE AUCTION
97624,2009,HARLEY-DAVIDSON,FLHPI ROAD KING,POLICE MOTORCYCLE,SPD,8911,,BIDADOO ONLINE AUCTION
97625,2009,HARLEY-DAVIDSON,FLHPI ROAD KING,POLICE MOTORCYCLE,SPD,6600,,BIDADOO ONLINE AUCTION
97626,2009,HARLEY-DAVIDSON,FLHPI ROAD KING,POLICE MOTORCYCLE,SPD,7300,,BIDADOO ONLINE AUCTION
97627,2009,HARLEY-DAVIDSON,FLHPI ROAD KING,POLICE MOTORCYCLE,SPD,7000,,BIDADOO ONLINE AUCTION
97629,2009,HARLEY-DAVIDSON,FLHPI ROAD KING,POLICE MOTORCYCLE,SPD,7500,,BIDADOO ONLINE AUCTION
97630,2009,HARLEY-DAVIDSON,FLHPI ROAD KING,POLICE MOTORCYCLE,SPD,7300,,BIDADOO ONLINE AUCTION
97631,2009,HARLEY-DAVIDSON,FLHPI ROAD KING,POLICE MOTORCYCLE,SPD,7400,,BIDADOO ONLINE AUCTION
97632,2009,HARLEY-DAVIDSON,FLHPI ROAD KING,POLICE MOTORCYCLE,SPD,4437,,BIDADOO ONLINE AUCTION
97633,2009,HARLEY-DAVIDSON,FLHPI ROAD KING,POLICE MOTORCYCLE,SPD,7100,,BIDADOO ONLINE AUCTION
97634,2009,HARLEY-DAVIDSON,FLHPI ROAD KING,POLICE MOTORCYCLE,SPD,7200,,BIDADOO ONLINE AUCTION
97635,2009,HARLEY-DAVIDSON,FLHPI ROAD KING,POLICE MOTORCYCLE,SPD,6800,,BIDADOO ONLINE AUCTION
97636,2009,HARLEY-DAVIDSON,FLHPI ROAD KING,POLICE MOTORCYCLE,SPD,9151,,BIDADOO ONLINE AUCTION
97637,2009,HARLEY-DAVIDSON,FLHPI ROAD KING,POLICE MOTORCYCLE,SPD,7500,,BIDADOO ONLINE AUCTION
99217,2009,FORD,CROWN VICTORIA,PATROL CAR,SPD,2676.26,,BIDADOO ONLINE AUCTION
99218,2009,FORD,CROWN VICTORIA,PATROL CAR,SPD,1656.88,,BIDADOO ONLINE AUCTION
99219,2009,FORD,CROWN VICTORIA,PATROL CAR,SPD,310,,MURPHYS AUCTION
99220,2009,FORD,CROWN VICTORIA,PATROL CAR,SPD,2024,,BIDADOO ONLINE AUCTION
99221,2009,FORD,CROWN VICTORIA,PATROL CAR,SPD,1300,,MURPHYS AUCTION
99222,2009,FORD,CROWN VICTORIA,PATROL CAR,SPD,1675,,BIDADOO ONLINE AUCTION
99223,2009,FORD,CROWN VICTORIA,PATROL CAR,SPD,1200,,MURPHYS AUCTION
99224,2009,FORD,CROWN VICTORIA,PATROL CAR,SPD,2000,,BIDADOO ONLINE AUCTION
99225,2009,FORD,CROWN VICTORIA,PATROL CAR,SPD,1500,,MURPHYS AUCTION
99226,2009,FORD,CROWN VICTORIA,PATROL CAR,SPD,1450,,MURPHYS AUCTION
99227,2009,FORD,CROWN VICTORIA,PATROL CAR,SPD,1975,,BIDADOO ONLINE AUCTION
99229,2009,FORD,CROWN VICTORIA,PATROL CAR,SPD,2305,,BIDADOO ONLINE AUCTION
99230,2009,FORD,CROWN VICTORIA,PATROL CAR,SPD,1753,,BIDADOO ONLINE AUCTION
99231,2009,FORD,CROWN VICTORIA,PATROL CAR,SPD,500,,MURPHYS AUCTION
99233,2009,FORD,CROWN VICTORIA,PATROL CAR,SPD,1825,,MURPHYS AUCTION
99234,2009,FORD,CROWN VICTORIA,PATROL CAR,SPD,2125,,BIDADOO ONLINE AUCTION
99236,2009,FORD,CROWN VICTORIA,PATROL CAR,SPD,2042.56,,BIDADOO ONLINE AUCTION
99237,2009,FORD,CROWN VICTORIA,PATROL CAR,SPD,2035,,BIDADOO ONLINE AUCTION
99238,2009,FORD,CROWN VICTORIA,PATROL CAR,SPD,1999,,MURPHYS AUCTION
99239,2009,FORD,CROWN VICTORIA,PATROL CAR,SPD,270,,MURPHYS AUCTION
99240,2009,FORD,CROWN VICTORIA,PATROL CAR,SPD,2675,,BIDADOO ONLINE AUCTION
99241,2009,FORD,CROWN VICTORIA,PATROL CAR,SPD,300,,MURPHYS AUCTION
99242,2009,FORD,CROWN VICTORIA,PATROL CAR,SPD,1550,,BIDADOO ONLINE AUCTION
99243,2009,FORD,CROWN VICTORIA,PATROL CAR,SPD,1625,,MURPHYS AUCTION
99244,2009,FORD,CROWN VICTORIA,PATROL CAR,SPD,350,,BIDADOO ONLINE AUCTION
99245,2009,FORD,CROWN VICTORIA,PATROL CAR,SPD,350,,MURPHYS AUCTION
99246,2009,FORD,CROWN VICTORIA,PATROL CAR,SPD,2090.65,,BIDADOO ONLINE AUCTION
99248,2009,FORD,CROWN VICTORIA,PATROL CAR - TRAFFIC,SPD,2749.99,,BIDADOO ONLINE AUCTION
99253,2009,FORD,CROWN VICTORIA,PATROL CAR - DUI,SPD,2000.66,,BIDADOO ONLINE AUCTION
99254,2009,FORD,CROWN VICTORIA,PATROL CAR - DUI,SPD,2151,,BIDADOO ONLINE AUCTION
155996,1996,JOHN DEERE,1200A,BALLFIELD GROOMER,DPR,1275,,BIDADOO ONLINE AUCTION
955404,1995,EMERGENCY ONE,PUMPER,FIRE PUMPER,SFD,7601,,BIDADOO ONLINE AUCTION
956451,1995,WALTON,40KTP-XL,TRAILER - TILT DECK - 40000 LB GVWR,SDOT,10600,,BIDADOO ONLINE AUCTION
965408,1996,EMERGENCY ONE,PUMPER,FIRE PUMPER,SFD,5300.23,,BIDADOO ONLINE AUCTION
965693,1996,FREIGHTLINER,FL70,TRUCK - AERIAL LIFT PLATFORM - CLASS 8,SDOT,6500,,BIDADOO ONLINE AUCTION
966551,1996,JOHN DEERE,772BH,MOTOR GRADER - ARTICULATED - 37000 LB,SPU,41000,,MURPHYS AUCTION
973147,1997,GMC,W4S042,CUTAWAY VAN,SPD,8950,,BIDADOO ONLINE AUCTION
973655,1997,FORD,F450,PICKUP - AERIAL LIFT 32` - CLASS 4,CEN,16801,,BIDADOO ONLINE AUCTION
975760,1997,TRAILKING,503 DFP,TRAILER - LOWBOY - 100000 LB GVWR,SDOT,26100,,BIDADOO ONLINE AUCTION
981762,1998,FORD,CROWN VICTORIA,FULLSIZE SEDAN,SFD,2400,,MURPHYS AUCTION
983676,1998,INTERNATIONAL,4700LP,TRUCK - FLATBED - CLASS 6,SDOT,13100,,BIDADOO ONLINE AUCTION
983903,1998,CHEVROLET,P30,WALKIN VAN - CLASS 3,DPR,2001,,BIDADOO ONLINE AUCTION
983969,1998,CHEVROLET,P30,WALKIN VAN - CLASS 3,DPR,5500,,MURPHYS AUCTION
985539,1998,GEFFSPREAD KING,WBHS,CHIP SPREADER   39000 GVWR,SDOT,35200,,BIDADOO ONLINE AUCTION
985680,1998,TRAILMAX,7-12-UT,TRAILER - TILTDECK - 14500 LB GVWR,SDOT,4500,,MURPHYS AUCTION
985681,1998,FREIGHTLINER,FL70,TRUCK - AERIAL LIFT - TREE TRIMMER,SDOT,19600,,BIDADOO ONLINE AUCTION
985696,1998,CRAFCO,EZ POUR 200DC,TRAILER - ASPHALT CRACK SEALER,SDOT,3551,,BIDADOO ONLINE AUCTION
985717,1998,PETERBILT,320,TRUCK - EDUCTOR - VACTOR,SPU,45000,,MURPHYS AUCTION
986593,1998,FREIGHTLINER,FL70,TRUCK - FLATBED - ATTENUATOR - CLASS 7,SDOT,18988,,BIDADOO ONLINE AUCTION
993354,1999,FORD,F550,TRUCK - DUMPING FLATBED - CLASS 5,DPR,15250,,MURPHYS AUCTION
993908,1999,FORD,F450,PICKUP - FLATBED - CRANE - CLASS 4,DPR,7500,,MURPHYS AUCTION
996548,1999,KENWORTH,T800B,TRUCK - 12 YD DUMP - CLASS 8,SPU,50000,,MURPHYS AUCTION
8120678,1988,BOWIE,HYDRO MULCHER,HYDRO MULCHER - TOWED,DPR,2849,,BIDADOO ONLINE AUCTION
A0622,1991,GMC,CARGO,CARGO VAN,SPL,1700,,MURPHYS AUCTION
A0623,1991,CHEVROLET,C5500,WALKIN VAN - CLASS 3,SPL,12445.67,,BIDADOO ONLINE AUCTION
E0943,1994,WESTMARK,ASPHALT TANKER,TRAILER - ASPHALT TANKER - 7400 GALLON,SDOT,15600,,BIDADOO ONLINE AUCTION
E0943,1994,WESTMARK,TANKER TRAILER,TRAILER - ASPHALT TANKER - 7400 GALLON,SDOT,15600,,BIDADOO ONLINE AUCTION
EG0002,1999,CATERPILLAR,963,SOLID WASTE CRAWLER LOADER,SPU,7500,,MURPHYS AUCTION
EG0210,2000,WANCO,TRAILER,SOLID WASTE TRAFFIC WARNING TRAILER,SPU,4000,,MURPHYS AUCTION
EG5501,2000,CASE,721,SOLID WASTE WHEEL LOADER,SPU,15101,,BIDADOO ONLINE AUCTION
P0320,2003,ALKOTA,TRAILER,TRAILER - SPRAYER,DPR,1600,,MURPHYS AUCTION
P140753,1994,UNKNOWN,TRAILER,TRAILER - 525 GAL WATER TANK,DPR,4550,,MURPHYS AUCTION
P1686,1994,NW CUSTOM,TT-12 UTILITY,TRAILER,DPR,2375,,BIDADOO ONLINE AUCTION
P1702,1996,MANNS,TRAILER,TRAILER - 5000 LB GVWR,DPR,405,,BIDADOO ONLINE AUCTION
P1738,2000,TRAILMAX,T-10-UT,TRAILER - 9950 LB GVWR,DPR,2650,,BIDADOO ONLINE AUCTION
P1744,2001,TRAILMAX,T-10-UT,TRAILER,DPR,2476,,BIDADOO ONLINE AUCTION
S0570,1994,SNIPER,747-4000,TRAILER - SEWER JET,SPU,2000,,MURPHYS AUCTION
S2556,1998,WESTERN,TRAILER,TRAILER - 7000 LB DUMP,SPU,3000,,MURPHYS AUCTION
S2557,1998,WESTERN,TRAILER,TRAILER - 7000 LB DUMP,SPU,3000,,MURPHYS AUCTION
S2574,1999,PAROS,TRAILER,TRAILER - TILT DECK,SPU,3500,,MURPHYS AUCTION
W2256,1995,NW CUSTOM,TRAILER,TRAILER,SPU,2300,,MURPHYS AUCTION
W3838,2005,VERMEER,BC625A,CHIPPER,SPU,5250,,MURPHYS AUCTION
